basic_form,pos,pos_detail_1,pos_detail_2,word_type
マスターボール,名詞,ポケモン,アイテム,KNOWN
ハイパーボール,名詞,ポケモン,アイテム,KNOWN
スーパーボール,名詞,ポケモン,アイテム,KNOWN
モンスターボール,名詞,ポケモン,アイテム,KNOWN
サファリボール,名詞,ポケモン,アイテム,KNOWN
ネットボール,名詞,ポケモン,アイテム,KNOWN
ダイブボール,名詞,ポケモン,アイテム,KNOWN
ネストボール,名詞,ポケモン,アイテム,KNOWN
リピートボール,名詞,ポケモン,アイテム,KNOWN
タイマーボール,名詞,ポケモン,アイテム,KNOWN
ゴージャスボール,名詞,ポケモン,アイテム,KNOWN
プレミアボール,名詞,ポケモン,アイテム,KNOWN
ダークボール,名詞,ポケモン,アイテム,KNOWN
ヒールボール,名詞,ポケモン,アイテム,KNOWN
クイックボール,名詞,ポケモン,アイテム,KNOWN
プレシャスボール,名詞,ポケモン,アイテム,KNOWN
キズぐすり,名詞,ポケモン,アイテム,KNOWN
どくけし,名詞,ポケモン,アイテム,KNOWN
やけどなおし,名詞,ポケモン,アイテム,KNOWN
こおりなおし,名詞,ポケモン,アイテム,KNOWN
ねむけざまし,名詞,ポケモン,アイテム,KNOWN
まひなおし,名詞,ポケモン,アイテム,KNOWN
かいふくのくすり,名詞,ポケモン,アイテム,KNOWN
まんたんのくすり,名詞,ポケモン,アイテム,KNOWN
すごいキズぐすり,名詞,ポケモン,アイテム,KNOWN
いいキズぐすり,名詞,ポケモン,アイテム,KNOWN
なんでもなおし,名詞,ポケモン,アイテム,KNOWN
げんきのかけら,名詞,ポケモン,アイテム,KNOWN
げんきのかたまり,名詞,ポケモン,アイテム,KNOWN
おいしいみず,名詞,ポケモン,アイテム,KNOWN
サイコソーダ,名詞,ポケモン,アイテム,KNOWN
ミックスオレ,名詞,ポケモン,アイテム,KNOWN
モーモーミルク,名詞,ポケモン,アイテム,KNOWN
ちからのこな,名詞,ポケモン,アイテム,KNOWN
ちからのねっこ,名詞,ポケモン,アイテム,KNOWN
ばんのうごな,名詞,ポケモン,アイテム,KNOWN
ふっかつそう,名詞,ポケモン,アイテム,KNOWN
ピーピーエイド,名詞,ポケモン,アイテム,KNOWN
ピーピーリカバー,名詞,ポケモン,アイテム,KNOWN
ピーピーエイダー,名詞,ポケモン,アイテム,KNOWN
ピーピーマックス,名詞,ポケモン,アイテム,KNOWN
フエンせんべい,名詞,ポケモン,アイテム,KNOWN
きのみジュース,名詞,ポケモン,アイテム,KNOWN
せいなるはい,名詞,ポケモン,アイテム,KNOWN
マックスアップ,名詞,ポケモン,アイテム,KNOWN
タウリン,名詞,ポケモン,アイテム,KNOWN
ブロムヘキシン,名詞,ポケモン,アイテム,KNOWN
インドメタシン,名詞,ポケモン,アイテム,KNOWN
リゾチウム,名詞,ポケモン,アイテム,KNOWN
ふしぎなアメ,名詞,ポケモン,アイテム,KNOWN
ポイントアップ,名詞,ポケモン,アイテム,KNOWN
キトサン,名詞,ポケモン,アイテム,KNOWN
ポイントマックス,名詞,ポケモン,アイテム,KNOWN
もりのヨウカン,名詞,ポケモン,アイテム,KNOWN
エフェクトガード,名詞,ポケモン,アイテム,KNOWN
クリティカット,名詞,ポケモン,アイテム,KNOWN
プラスパワー,名詞,ポケモン,アイテム,KNOWN
ディフェンダー,名詞,ポケモン,アイテム,KNOWN
スピーダー,名詞,ポケモン,アイテム,KNOWN
ヨクアタール,名詞,ポケモン,アイテム,KNOWN
スペシャルアップ,名詞,ポケモン,アイテム,KNOWN
スペシャルガード,名詞,ポケモン,アイテム,KNOWN
ピッピにんぎょう,名詞,ポケモン,アイテム,KNOWN
エネコのシッポ,名詞,ポケモン,アイテム,KNOWN
あおいビードロ,名詞,ポケモン,アイテム,KNOWN
きいろビードロ,名詞,ポケモン,アイテム,KNOWN
あかいビードロ,名詞,ポケモン,アイテム,KNOWN
くろいビードロ,名詞,ポケモン,アイテム,KNOWN
しろいビードロ,名詞,ポケモン,アイテム,KNOWN
あさせのしお,名詞,ポケモン,アイテム,KNOWN
あさせのかいがら,名詞,ポケモン,アイテム,KNOWN
あかいかけら,名詞,ポケモン,アイテム,KNOWN
あおいかけら,名詞,ポケモン,アイテム,KNOWN
きいろいかけら,名詞,ポケモン,アイテム,KNOWN
みどりのかけら,名詞,ポケモン,アイテム,KNOWN
シルバースプレー,名詞,ポケモン,アイテム,KNOWN
ゴールドスプレー,名詞,ポケモン,アイテム,KNOWN
あなぬけのヒモ,名詞,ポケモン,アイテム,KNOWN
むしよけスプレー,名詞,ポケモン,アイテム,KNOWN
たいようのいし,名詞,ポケモン,アイテム,KNOWN
つきのいし,名詞,ポケモン,アイテム,KNOWN
ほのおのいし,名詞,ポケモン,アイテム,KNOWN
かみなりのいし,名詞,ポケモン,アイテム,KNOWN
みずのいし,名詞,ポケモン,アイテム,KNOWN
リーフのいし,名詞,ポケモン,アイテム,KNOWN
ちいさなキノコ,名詞,ポケモン,アイテム,KNOWN
おおきなキノコ,名詞,ポケモン,アイテム,KNOWN
しんじゅ,名詞,ポケモン,アイテム,KNOWN
おおきなしんじゅ,名詞,ポケモン,アイテム,KNOWN
ほしのすな,名詞,ポケモン,アイテム,KNOWN
ほしのかけら,名詞,ポケモン,アイテム,KNOWN
きんのたま,名詞,ポケモン,アイテム,KNOWN
ハートのウロコ,名詞,ポケモン,アイテム,KNOWN
あまいミツ,名詞,ポケモン,アイテム,KNOWN
すくすくこやし,名詞,ポケモン,アイテム,KNOWN
じめじめこやし,名詞,ポケモン,アイテム,KNOWN
ながながこやし,名詞,ポケモン,アイテム,KNOWN
ねばねばこやし,名詞,ポケモン,アイテム,KNOWN
ねっこのカセキ,名詞,ポケモン,アイテム,KNOWN
ツメのカセキ,名詞,ポケモン,アイテム,KNOWN
かいのカセキ,名詞,ポケモン,アイテム,KNOWN
こうらのカセキ,名詞,ポケモン,アイテム,KNOWN
ひみつのコハク,名詞,ポケモン,アイテム,KNOWN
たてのカセキ,名詞,ポケモン,アイテム,KNOWN
ずがいのカセキ,名詞,ポケモン,アイテム,KNOWN
きちょうなホネ,名詞,ポケモン,アイテム,KNOWN
ひかりのいし,名詞,ポケモン,アイテム,KNOWN
やみのいし,名詞,ポケモン,アイテム,KNOWN
めざめいし,名詞,ポケモン,アイテム,KNOWN
まんまるいし,名詞,ポケモン,アイテム,KNOWN
かなめいし,名詞,ポケモン,アイテム,KNOWN
こんごうだま,名詞,ポケモン,アイテム,KNOWN
しらたま,名詞,ポケモン,アイテム,KNOWN
グラスメール,名詞,ポケモン,アイテム,KNOWN
フレイムメール,名詞,ポケモン,アイテム,KNOWN
ブルーメール,名詞,ポケモン,アイテム,KNOWN
ブルームメール,名詞,ポケモン,アイテム,KNOWN
トンネルメール,名詞,ポケモン,アイテム,KNOWN
スチールメール,名詞,ポケモン,アイテム,KNOWN
ラブラブメール,名詞,ポケモン,アイテム,KNOWN
ブリザードメール,名詞,ポケモン,アイテム,KNOWN
スペースメール,名詞,ポケモン,アイテム,KNOWN
エアメール,名詞,ポケモン,アイテム,KNOWN
モザイクメール,名詞,ポケモン,アイテム,KNOWN
ブリックメール,名詞,ポケモン,アイテム,KNOWN
クラボのみ,名詞,ポケモン,アイテム,KNOWN
カゴのみ,名詞,ポケモン,アイテム,KNOWN
モモンのみ,名詞,ポケモン,アイテム,KNOWN
チーゴのみ,名詞,ポケモン,アイテム,KNOWN
ナナシのみ,名詞,ポケモン,アイテム,KNOWN
ヒメリのみ,名詞,ポケモン,アイテム,KNOWN
オレンのみ,名詞,ポケモン,アイテム,KNOWN
キーのみ,名詞,ポケモン,アイテム,KNOWN
ラムのみ,名詞,ポケモン,アイテム,KNOWN
オボンのみ,名詞,ポケモン,アイテム,KNOWN
フィラのみ,名詞,ポケモン,アイテム,KNOWN
ウイのみ,名詞,ポケモン,アイテム,KNOWN
マゴのみ,名詞,ポケモン,アイテム,KNOWN
バンジのみ,名詞,ポケモン,アイテム,KNOWN
イアのみ,名詞,ポケモン,アイテム,KNOWN
ズリのみ,名詞,ポケモン,アイテム,KNOWN
ブリーのみ,名詞,ポケモン,アイテム,KNOWN
ナナのみ,名詞,ポケモン,アイテム,KNOWN
セシナのみ,名詞,ポケモン,アイテム,KNOWN
パイルのみ,名詞,ポケモン,アイテム,KNOWN
ザロクのみ,名詞,ポケモン,アイテム,KNOWN
ネコブのみ,名詞,ポケモン,アイテム,KNOWN
タポルのみ,名詞,ポケモン,アイテム,KNOWN
ロメのみ,名詞,ポケモン,アイテム,KNOWN
ウブのみ,名詞,ポケモン,アイテム,KNOWN
マトマのみ,名詞,ポケモン,アイテム,KNOWN
モコシのみ,名詞,ポケモン,アイテム,KNOWN
ゴスのみ,名詞,ポケモン,アイテム,KNOWN
ラブタのみ,名詞,ポケモン,アイテム,KNOWN
ノメルのみ,名詞,ポケモン,アイテム,KNOWN
ノワキのみ,名詞,ポケモン,アイテム,KNOWN
シーヤのみ,名詞,ポケモン,アイテム,KNOWN
カイスのみ,名詞,ポケモン,アイテム,KNOWN
ドリのみ,名詞,ポケモン,アイテム,KNOWN
ベリブのみ,名詞,ポケモン,アイテム,KNOWN
オッカのみ,名詞,ポケモン,アイテム,KNOWN
イトケのみ,名詞,ポケモン,アイテム,KNOWN
ソクノのみ,名詞,ポケモン,アイテム,KNOWN
リンドのみ,名詞,ポケモン,アイテム,KNOWN
ヤチェのみ,名詞,ポケモン,アイテム,KNOWN
ヨプのみ,名詞,ポケモン,アイテム,KNOWN
ビアーのみ,名詞,ポケモン,アイテム,KNOWN
シュカのみ,名詞,ポケモン,アイテム,KNOWN
バコウのみ,名詞,ポケモン,アイテム,KNOWN
ウタンのみ,名詞,ポケモン,アイテム,KNOWN
タンガのみ,名詞,ポケモン,アイテム,KNOWN
ヨロギのみ,名詞,ポケモン,アイテム,KNOWN
カシブのみ,名詞,ポケモン,アイテム,KNOWN
ハバンのみ,名詞,ポケモン,アイテム,KNOWN
ナモのみ,名詞,ポケモン,アイテム,KNOWN
リリバのみ,名詞,ポケモン,アイテム,KNOWN
ホズのみ,名詞,ポケモン,アイテム,KNOWN
チイラのみ,名詞,ポケモン,アイテム,KNOWN
リュガのみ,名詞,ポケモン,アイテム,KNOWN
カムラのみ,名詞,ポケモン,アイテム,KNOWN
ヤタピのみ,名詞,ポケモン,アイテム,KNOWN
ズアのみ,名詞,ポケモン,アイテム,KNOWN
サンのみ,名詞,ポケモン,アイテム,KNOWN
スターのみ,名詞,ポケモン,アイテム,KNOWN
ナゾのみ,名詞,ポケモン,アイテム,KNOWN
ミクルのみ,名詞,ポケモン,アイテム,KNOWN
イバンのみ,名詞,ポケモン,アイテム,KNOWN
ジャポのみ,名詞,ポケモン,アイテム,KNOWN
レンブのみ,名詞,ポケモン,アイテム,KNOWN
ひかりのこな,名詞,ポケモン,アイテム,KNOWN
しろいハーブ,名詞,ポケモン,アイテム,KNOWN
きょうせいギプス,名詞,ポケモン,アイテム,KNOWN
がくしゅうそうち,名詞,ポケモン,アイテム,KNOWN
せんせいのツメ,名詞,ポケモン,アイテム,KNOWN
やすらぎのすず,名詞,ポケモン,アイテム,KNOWN
メンタルハーブ,名詞,ポケモン,アイテム,KNOWN
こだわりハチマキ,名詞,ポケモン,アイテム,KNOWN
おうじゃのしるし,名詞,ポケモン,アイテム,KNOWN
ぎんのこな,名詞,ポケモン,アイテム,KNOWN
おまもりこばん,名詞,ポケモン,アイテム,KNOWN
きよめのおふだ,名詞,ポケモン,アイテム,KNOWN
こころのしずく,名詞,ポケモン,アイテム,KNOWN
しんかいのキバ,名詞,ポケモン,アイテム,KNOWN
しんかいのウロコ,名詞,ポケモン,アイテム,KNOWN
けむりだま,名詞,ポケモン,アイテム,KNOWN
かわらずのいし,名詞,ポケモン,アイテム,KNOWN
きあいのハチマキ,名詞,ポケモン,アイテム,KNOWN
しあわせタマゴ,名詞,ポケモン,アイテム,KNOWN
ピントレンズ,名詞,ポケモン,アイテム,KNOWN
メタルコート,名詞,ポケモン,アイテム,KNOWN
たべのこし,名詞,ポケモン,アイテム,KNOWN
りゅうのウロコ,名詞,ポケモン,アイテム,KNOWN
でんきだま,名詞,ポケモン,アイテム,KNOWN
やわらかいすな,名詞,ポケモン,アイテム,KNOWN
かたいいし,名詞,ポケモン,アイテム,KNOWN
きせきのタネ,名詞,ポケモン,アイテム,KNOWN
くろいメガネ,名詞,ポケモン,アイテム,KNOWN
くろおび,名詞,ポケモン,アイテム,KNOWN
じしゃく,名詞,ポケモン,アイテム,KNOWN
しんぴのしずく,名詞,ポケモン,アイテム,KNOWN
するどいくちばし,名詞,ポケモン,アイテム,KNOWN
どくバリ,名詞,ポケモン,アイテム,KNOWN
とけないこおり,名詞,ポケモン,アイテム,KNOWN
のろいのおふだ,名詞,ポケモン,アイテム,KNOWN
まがったスプーン,名詞,ポケモン,アイテム,KNOWN
もくたん,名詞,ポケモン,アイテム,KNOWN
りゅうのキバ,名詞,ポケモン,アイテム,KNOWN
シルクのスカーフ,名詞,ポケモン,アイテム,KNOWN
アップグレード,名詞,ポケモン,アイテム,KNOWN
かいがらのすず,名詞,ポケモン,アイテム,KNOWN
うしおのおこう,名詞,ポケモン,アイテム,KNOWN
のんきのおこう,名詞,ポケモン,アイテム,KNOWN
ラッキーパンチ,名詞,ポケモン,アイテム,KNOWN
メタルパウダー,名詞,ポケモン,アイテム,KNOWN
ふといホネ,名詞,ポケモン,アイテム,KNOWN
ながねぎ,名詞,ポケモン,アイテム,KNOWN
あかいバンダナ,名詞,ポケモン,アイテム,KNOWN
あおいバンダナ,名詞,ポケモン,アイテム,KNOWN
ピンクのバンダナ,名詞,ポケモン,アイテム,KNOWN
みどりのバンダナ,名詞,ポケモン,アイテム,KNOWN
きいろのバンダナ,名詞,ポケモン,アイテム,KNOWN
こうかくレンズ,名詞,ポケモン,アイテム,KNOWN
ちからのハチマキ,名詞,ポケモン,アイテム,KNOWN
ものしりメガネ,名詞,ポケモン,アイテム,KNOWN
たつじんのおび,名詞,ポケモン,アイテム,KNOWN
ひかりのねんど,名詞,ポケモン,アイテム,KNOWN
いのちのたま,名詞,ポケモン,アイテム,KNOWN
パワフルハーブ,名詞,ポケモン,アイテム,KNOWN
どくどくだま,名詞,ポケモン,アイテム,KNOWN
かえんだま,名詞,ポケモン,アイテム,KNOWN
スピードパウダー,名詞,ポケモン,アイテム,KNOWN
きあいのタスキ,名詞,ポケモン,アイテム,KNOWN
フォーカスレンズ,名詞,ポケモン,アイテム,KNOWN
メトロノーム,名詞,ポケモン,アイテム,KNOWN
くろいてっきゅう,名詞,ポケモン,アイテム,KNOWN
こうこうのしっぽ,名詞,ポケモン,アイテム,KNOWN
あかいいと,名詞,ポケモン,アイテム,KNOWN
くろいヘドロ,名詞,ポケモン,アイテム,KNOWN
つめたいいわ,名詞,ポケモン,アイテム,KNOWN
さらさらいわ,名詞,ポケモン,アイテム,KNOWN
あついいわ,名詞,ポケモン,アイテム,KNOWN
しめったいわ,名詞,ポケモン,アイテム,KNOWN
ねばりのかぎづめ,名詞,ポケモン,アイテム,KNOWN
こだわりスカーフ,名詞,ポケモン,アイテム,KNOWN
くっつきバリ,名詞,ポケモン,アイテム,KNOWN
パワーリスト,名詞,ポケモン,アイテム,KNOWN
パワーベルト,名詞,ポケモン,アイテム,KNOWN
パワーレンズ,名詞,ポケモン,アイテム,KNOWN
パワーバンド,名詞,ポケモン,アイテム,KNOWN
パワーアンクル,名詞,ポケモン,アイテム,KNOWN
パワーウエイト,名詞,ポケモン,アイテム,KNOWN
きれいなぬけがら,名詞,ポケモン,アイテム,KNOWN
おおきなねっこ,名詞,ポケモン,アイテム,KNOWN
こだわりメガネ,名詞,ポケモン,アイテム,KNOWN
ひのたまプレート,名詞,ポケモン,アイテム,KNOWN
しずくプレート,名詞,ポケモン,アイテム,KNOWN
いかずちプレート,名詞,ポケモン,アイテム,KNOWN
みどりのプレート,名詞,ポケモン,アイテム,KNOWN
つららのプレート,名詞,ポケモン,アイテム,KNOWN
こぶしのプレート,名詞,ポケモン,アイテム,KNOWN
もうどくプレート,名詞,ポケモン,アイテム,KNOWN
だいちのプレート,名詞,ポケモン,アイテム,KNOWN
あおぞらプレート,名詞,ポケモン,アイテム,KNOWN
ふしぎのプレート,名詞,ポケモン,アイテム,KNOWN
たまむしプレート,名詞,ポケモン,アイテム,KNOWN
がんせきプレート,名詞,ポケモン,アイテム,KNOWN
もののけプレート,名詞,ポケモン,アイテム,KNOWN
りゅうのプレート,名詞,ポケモン,アイテム,KNOWN
こわもてプレート,名詞,ポケモン,アイテム,KNOWN
こうてつプレート,名詞,ポケモン,アイテム,KNOWN
あやしいおこう,名詞,ポケモン,アイテム,KNOWN
がんせきおこう,名詞,ポケモン,アイテム,KNOWN
まんぷくおこう,名詞,ポケモン,アイテム,KNOWN
さざなみのおこう,名詞,ポケモン,アイテム,KNOWN
おはなのおこう,名詞,ポケモン,アイテム,KNOWN
こううんのおこう,名詞,ポケモン,アイテム,KNOWN
きよめのおこう,名詞,ポケモン,アイテム,KNOWN
プロテクター,名詞,ポケモン,アイテム,KNOWN
エレキブースター,名詞,ポケモン,アイテム,KNOWN
マグマブースター,名詞,ポケモン,アイテム,KNOWN
あやしいパッチ,名詞,ポケモン,アイテム,KNOWN
れいかいのぬの,名詞,ポケモン,アイテム,KNOWN
するどいツメ,名詞,ポケモン,アイテム,KNOWN
するどいキバ,名詞,ポケモン,アイテム,KNOWN
わざマシン,名詞,ポケモン,アイテム,KNOWN
ひでんマシン,名詞,ポケモン,アイテム,KNOWN
たんけんセット,名詞,ポケモン,アイテム,KNOWN
たからぶくろ,名詞,ポケモン,アイテム,KNOWN
ルールブック,名詞,ポケモン,アイテム,KNOWN
ポケトレ,名詞,ポケモン,アイテム,KNOWN
ポイントカード,名詞,ポケモン,アイテム,KNOWN
ぼうけんノート,名詞,ポケモン,アイテム,KNOWN
シールいれ,名詞,ポケモン,アイテム,KNOWN
アクセサリーいれ,名詞,ポケモン,アイテム,KNOWN
シールぶくろ,名詞,ポケモン,アイテム,KNOWN
ともだちてちょう,名詞,ポケモン,アイテム,KNOWN
はつでんしょキー,名詞,ポケモン,アイテム,KNOWN
こだいのおまもり,名詞,ポケモン,アイテム,KNOWN
ギンガだんのカギ,名詞,ポケモン,アイテム,KNOWN
あかいくさり,名詞,ポケモン,アイテム,KNOWN
タウンマップ,名詞,ポケモン,アイテム,KNOWN
バトルサーチャー,名詞,ポケモン,アイテム,KNOWN
コインケース,名詞,ポケモン,アイテム,KNOWN
ボロのつりざお,名詞,ポケモン,アイテム,KNOWN
いいつりざお,名詞,ポケモン,アイテム,KNOWN
すごいつりざお,名詞,ポケモン,アイテム,KNOWN
コダックじょうろ,名詞,ポケモン,アイテム,KNOWN
ポフィンケース,名詞,ポケモン,アイテム,KNOWN
じてんしゃ,名詞,ポケモン,アイテム,KNOWN
ルームキー,名詞,ポケモン,アイテム,KNOWN
オーキドのてがみ,名詞,ポケモン,アイテム,KNOWN
みかづきのはね,名詞,ポケモン,アイテム,KNOWN
メンバーズカード,名詞,ポケモン,アイテム,KNOWN
てんかいのふえ,名詞,ポケモン,アイテム,KNOWN
ふねのチケット,名詞,ポケモン,アイテム,KNOWN
コンテストパス,名詞,ポケモン,アイテム,KNOWN
かざんのおきいし,名詞,ポケモン,アイテム,KNOWN
おとどけもの,名詞,ポケモン,アイテム,KNOWN
ひきかえけん,名詞,ポケモン,アイテム,KNOWN
そうこのカギ,名詞,ポケモン,アイテム,KNOWN
ひでんのくすり,名詞,ポケモン,アイテム,KNOWN
はっきんだま,名詞,ポケモン,アイテム,KNOWN
バトルレコーダー,名詞,ポケモン,アイテム,KNOWN
グラシデアのはな,名詞,ポケモン,アイテム,KNOWN
ひみつのカギ,名詞,ポケモン,アイテム,KNOWN
ぼんぐりケース,名詞,ポケモン,アイテム,KNOWN
きのみプランター,名詞,ポケモン,アイテム,KNOWN
ゼニガメじょうろ,名詞,ポケモン,アイテム,KNOWN
ルアーボール,名詞,ポケモン,アイテム,KNOWN
レベルボール,名詞,ポケモン,アイテム,KNOWN
ムーンボール,名詞,ポケモン,アイテム,KNOWN
ヘビーボール,名詞,ポケモン,アイテム,KNOWN
スピードボール,名詞,ポケモン,アイテム,KNOWN
フレンドボール,名詞,ポケモン,アイテム,KNOWN
ラブラブボール,名詞,ポケモン,アイテム,KNOWN
パークボール,名詞,ポケモン,アイテム,KNOWN
コンペボール,名詞,ポケモン,アイテム,KNOWN
あかぼんぐり,名詞,ポケモン,アイテム,KNOWN
あおぼんぐり,名詞,ポケモン,アイテム,KNOWN
きぼんぐり,名詞,ポケモン,アイテム,KNOWN
みどぼんぐり,名詞,ポケモン,アイテム,KNOWN
ももぼんぐり,名詞,ポケモン,アイテム,KNOWN
しろぼんぐり,名詞,ポケモン,アイテム,KNOWN
くろぼんぐり,名詞,ポケモン,アイテム,KNOWN
ダウジングマシン,名詞,ポケモン,アイテム,KNOWN
いかりまんじゅう,名詞,ポケモン,アイテム,KNOWN
べにいろのたま,名詞,ポケモン,アイテム,KNOWN
あいいろのたま,名詞,ポケモン,アイテム,KNOWN
もえぎいろのたま,名詞,ポケモン,アイテム,KNOWN
なぞのすいしょう,名詞,ポケモン,アイテム,KNOWN
アンノーンノート,名詞,ポケモン,アイテム,KNOWN
ブルーカード,名詞,ポケモン,アイテム,KNOWN
おいしいシッポ,名詞,ポケモン,アイテム,KNOWN
とうめいなスズ,名詞,ポケモン,アイテム,KNOWN
カードキー,名詞,ポケモン,アイテム,KNOWN
ちかのかぎ,名詞,ポケモン,アイテム,KNOWN
あかいウロコ,名詞,ポケモン,アイテム,KNOWN
おとしもの,名詞,ポケモン,アイテム,KNOWN
リニアパス,名詞,ポケモン,アイテム,KNOWN
きかいのぶひん,名詞,ポケモン,アイテム,KNOWN
ぎんいろのはね,名詞,ポケモン,アイテム,KNOWN
にじいろのはね,名詞,ポケモン,アイテム,KNOWN
ふしぎなタマゴ,名詞,ポケモン,アイテム,KNOWN
うみなりのスズ,名詞,ポケモン,アイテム,KNOWN
データカード,名詞,ポケモン,アイテム,KNOWN
ロックカプセル,名詞,ポケモン,アイテム,KNOWN
フォトアルバム,名詞,ポケモン,アイテム,KNOWN
オレンジメール,名詞,ポケモン,アイテム,KNOWN
ハーバーメール,名詞,ポケモン,アイテム,KNOWN
キラキラメール,名詞,ポケモン,アイテム,KNOWN
メカニカルメール,名詞,ポケモン,アイテム,KNOWN
ウッディメール,名詞,ポケモン,アイテム,KNOWN
クロスメール,名詞,ポケモン,アイテム,KNOWN
トレジャーメール,名詞,ポケモン,アイテム,KNOWN
シャドーメール,名詞,ポケモン,アイテム,KNOWN
トロピカルメール,名詞,ポケモン,アイテム,KNOWN
ドリームメール,名詞,ポケモン,アイテム,KNOWN
ミラクルメール,名詞,ポケモン,アイテム,KNOWN
レトロメール,名詞,ポケモン,アイテム,KNOWN
マッハじてんしゃ,名詞,ポケモン,アイテム,KNOWN
ダートじてんしゃ,名詞,ポケモン,アイテム,KNOWN
ホエルコじょうろ,名詞,ポケモン,アイテム,KNOWN
デボンのにもつ,名詞,ポケモン,アイテム,KNOWN
はいぶくろ,名詞,ポケモン,アイテム,KNOWN
ポロックケース,名詞,ポケモン,アイテム,KNOWN
ダイゴへのてがみ,名詞,ポケモン,アイテム,KNOWN
むげんのチケット,名詞,ポケモン,アイテム,KNOWN
たんちき,名詞,ポケモン,アイテム,KNOWN
ゴーゴーゴーグル,名詞,ポケモン,アイテム,KNOWN
いんせき,名詞,ポケモン,アイテム,KNOWN
デボンスコープ,名詞,ポケモン,アイテム,KNOWN
ポケモンのふえ,名詞,ポケモン,アイテム,KNOWN
ひきかえけん,名詞,ポケモン,アイテム,KNOWN
きんのいれば,名詞,ポケモン,アイテム,KNOWN
エレベータのカギ,名詞,ポケモン,アイテム,KNOWN
シルフスコープ,名詞,ポケモン,アイテム,KNOWN
ボイスチェッカー,名詞,ポケモン,アイテム,KNOWN
きのみぶくろ,名詞,ポケモン,アイテム,KNOWN
おしえテレビ,名詞,ポケモン,アイテム,KNOWN
トライパス,名詞,ポケモン,アイテム,KNOWN
レインボーパス,名詞,ポケモン,アイテム,KNOWN
おちゃ,名詞,ポケモン,アイテム,KNOWN
しんぴのチケット,名詞,ポケモン,アイテム,KNOWN
オーロラチケット,名詞,ポケモン,アイテム,KNOWN
こないれ,名詞,ポケモン,アイテム,KNOWN
ルビー,名詞,ポケモン,アイテム,KNOWN
サファイア,名詞,ポケモン,アイテム,KNOWN
マグマのしるし,名詞,ポケモン,アイテム,KNOWN
ふるびたかいず,名詞,ポケモン,アイテム,KNOWN
アクアカセット,名詞,ポケモン,アイテム,KNOWN
イナズマカセット,名詞,ポケモン,アイテム,KNOWN
ブレイズカセット,名詞,ポケモン,アイテム,KNOWN
フリーズカセット,名詞,ポケモン,アイテム,KNOWN
ハートスイーツ,名詞,ポケモン,アイテム,KNOWN
はじめてメール,名詞,ポケモン,アイテム,KNOWN
だいすきメール,名詞,ポケモン,アイテム,KNOWN
おさそいメール,名詞,ポケモン,アイテム,KNOWN
かんしゃメール,名詞,ポケモン,アイテム,KNOWN
しつもんメール,名詞,ポケモン,アイテム,KNOWN
おすすめメール,名詞,ポケモン,アイテム,KNOWN
おかえしメール,名詞,ポケモン,アイテム,KNOWN
ブリッジメール,名詞,ポケモン,アイテム,KNOWN
きれいなウロコ,名詞,ポケモン,アイテム,KNOWN
しんかのきせき,名詞,ポケモン,アイテム,KNOWN
かるいし,名詞,ポケモン,アイテム,KNOWN
ゴツゴツメット,名詞,ポケモン,アイテム,KNOWN
ふうせん,名詞,ポケモン,アイテム,KNOWN
レッドカード,名詞,ポケモン,アイテム,KNOWN
ねらいのまと,名詞,ポケモン,アイテム,KNOWN
しめつけバンド,名詞,ポケモン,アイテム,KNOWN
きゅうこん,名詞,ポケモン,アイテム,KNOWN
じゅうでんち,名詞,ポケモン,アイテム,KNOWN
だっしゅつボタン,名詞,ポケモン,アイテム,KNOWN
ほのおのジュエル,名詞,ポケモン,アイテム,KNOWN
みずのジュエル,名詞,ポケモン,アイテム,KNOWN
でんきのジュエル,名詞,ポケモン,アイテム,KNOWN
くさのジュエル,名詞,ポケモン,アイテム,KNOWN
こおりのジュエル,名詞,ポケモン,アイテム,KNOWN
かくとうジュエル,名詞,ポケモン,アイテム,KNOWN
どくのジュエル,名詞,ポケモン,アイテム,KNOWN
じめんのジュエル,名詞,ポケモン,アイテム,KNOWN
ひこうのジュエル,名詞,ポケモン,アイテム,KNOWN
エスパージュエル,名詞,ポケモン,アイテム,KNOWN
むしのジュエル,名詞,ポケモン,アイテム,KNOWN
いわのジュエル,名詞,ポケモン,アイテム,KNOWN
ゴーストジュエル,名詞,ポケモン,アイテム,KNOWN
あくのジュエル,名詞,ポケモン,アイテム,KNOWN
はがねのジュエル,名詞,ポケモン,アイテム,KNOWN
たいりょくのハネ,名詞,ポケモン,アイテム,KNOWN
きんりょくのハネ,名詞,ポケモン,アイテム,KNOWN
ていこうのハネ,名詞,ポケモン,アイテム,KNOWN
ちりょくのハネ,名詞,ポケモン,アイテム,KNOWN
せいしんのハネ,名詞,ポケモン,アイテム,KNOWN
しゅんぱつのハネ,名詞,ポケモン,アイテム,KNOWN
きれいなハネ,名詞,ポケモン,アイテム,KNOWN
ふたのカセキ,名詞,ポケモン,アイテム,KNOWN
はねのカセキ,名詞,ポケモン,アイテム,KNOWN
リバティチケット,名詞,ポケモン,アイテム,KNOWN
デルダマ,名詞,ポケモン,アイテム,KNOWN
ドリームボール,名詞,ポケモン,アイテム,KNOWN
ポケじゃらし,名詞,ポケモン,アイテム,KNOWN
グッズケース,名詞,ポケモン,アイテム,KNOWN
ドラゴンのホネ,名詞,ポケモン,アイテム,KNOWN
かおるキノコ,名詞,ポケモン,アイテム,KNOWN
でかいきんのたま,名詞,ポケモン,アイテム,KNOWN
おだんごしんじゅ,名詞,ポケモン,アイテム,KNOWN
すいせいのかけら,名詞,ポケモン,アイテム,KNOWN
こだいのどうか,名詞,ポケモン,アイテム,KNOWN
こだいのぎんか,名詞,ポケモン,アイテム,KNOWN
こだいのきんか,名詞,ポケモン,アイテム,KNOWN
こだいのツボ,名詞,ポケモン,アイテム,KNOWN
こだいのうでわ,名詞,ポケモン,アイテム,KNOWN
こだいのせきぞう,名詞,ポケモン,アイテム,KNOWN
こだいのおうかん,名詞,ポケモン,アイテム,KNOWN
ヒウンアイス,名詞,ポケモン,アイテム,KNOWN
スピーダー,名詞,ポケモン,アイテム,KNOWN
ディフェンダー,名詞,ポケモン,アイテム,KNOWN
プラスパワー,名詞,ポケモン,アイテム,KNOWN
ヨクアタール,名詞,ポケモン,アイテム,KNOWN
スキルコール,名詞,ポケモン,アイテム,KNOWN
アイテムドロップ,名詞,ポケモン,アイテム,KNOWN
アイテムコール,名詞,ポケモン,アイテム,KNOWN
フラットコール,名詞,ポケモン,アイテム,KNOWN
ライトストーン,名詞,ポケモン,アイテム,KNOWN
ダークストーン,名詞,ポケモン,アイテム,KNOWN
ライブキャスター,名詞,ポケモン,アイテム,KNOWN
ゴッドストーン,名詞,ポケモン,アイテム,KNOWN
ドラゴンジュエル,名詞,ポケモン,アイテム,KNOWN
ノーマルジュエル,名詞,ポケモン,アイテム,KNOWN
メダルボックス,名詞,ポケモン,アイテム,KNOWN
いでんしのくさび,名詞,ポケモン,アイテム,KNOWN
きょかしょう,名詞,ポケモン,アイテム,KNOWN
まるいおまもり,名詞,ポケモン,アイテム,KNOWN
ひかるおまもり,名詞,ポケモン,アイテム,KNOWN
プラズマカード,名詞,ポケモン,アイテム,KNOWN
よごれたハンカチ,名詞,ポケモン,アイテム,KNOWN
アクロママシーン,名詞,ポケモン,アイテム,KNOWN
わすれもの,名詞,ポケモン,アイテム,KNOWN
うつしかがみ,名詞,ポケモン,アイテム,KNOWN
じゃくてんほけん,名詞,ポケモン,アイテム,KNOWN
とつげきチョッキ,名詞,ポケモン,アイテム,KNOWN
せいれいプレート,名詞,ポケモン,アイテム,KNOWN
とくせいカプセル,名詞,ポケモン,アイテム,KNOWN
ホイップポップ,名詞,ポケモン,アイテム,KNOWN
においぶくろ,名詞,ポケモン,アイテム,KNOWN
ひかりごけ,名詞,ポケモン,アイテム,KNOWN
ゆきだま,名詞,ポケモン,アイテム,KNOWN
ぼうじんゴーグル,名詞,ポケモン,アイテム,KNOWN
たわわこやし,名詞,ポケモン,アイテム,KNOWN
びっくりこやし,名詞,ポケモン,アイテム,KNOWN
ぐんぐんこやし,名詞,ポケモン,アイテム,KNOWN
とんでもこやし,名詞,ポケモン,アイテム,KNOWN
ゲンガナイト,名詞,ポケモン,アイテム,KNOWN
サーナイトナイト,名詞,ポケモン,アイテム,KNOWN
デンリュウナイト,名詞,ポケモン,アイテム,KNOWN
フシギバナイト,名詞,ポケモン,アイテム,KNOWN
リザードナイトエックス,名詞,ポケモン,アイテム,KNOWN
カメックスナイト,名詞,ポケモン,アイテム,KNOWN
ミュウツナイトエックス,名詞,ポケモン,アイテム,KNOWN
ミュウツナイトワイ,名詞,ポケモン,アイテム,KNOWN
バシャーモナイト,名詞,ポケモン,アイテム,KNOWN
チャーレムナイト,名詞,ポケモン,アイテム,KNOWN
ヘルガナイト,名詞,ポケモン,アイテム,KNOWN
ボスゴドラナイト,名詞,ポケモン,アイテム,KNOWN
ジュペッタナイト,名詞,ポケモン,アイテム,KNOWN
バンギラスナイト,名詞,ポケモン,アイテム,KNOWN
ハッサムナイト,名詞,ポケモン,アイテム,KNOWN
カイロスナイト,名詞,ポケモン,アイテム,KNOWN
プテラナイト,名詞,ポケモン,アイテム,KNOWN
ルカリオナイト,名詞,ポケモン,アイテム,KNOWN
ユキノオナイト,名詞,ポケモン,アイテム,KNOWN
ガルーラナイト,名詞,ポケモン,アイテム,KNOWN
ギャラドスナイト,名詞,ポケモン,アイテム,KNOWN
アブソルナイト,名詞,ポケモン,アイテム,KNOWN
リザードナイトワイ,名詞,ポケモン,アイテム,KNOWN
フーディナイト,名詞,ポケモン,アイテム,KNOWN
ヘラクロスナイト,名詞,ポケモン,アイテム,KNOWN
クチートナイト,名詞,ポケモン,アイテム,KNOWN
ライボルトナイト,名詞,ポケモン,アイテム,KNOWN
ガブリアスナイト,名詞,ポケモン,アイテム,KNOWN
ロゼルのみ,名詞,ポケモン,アイテム,KNOWN
アッキのみ,名詞,ポケモン,アイテム,KNOWN
タラプのみ,名詞,ポケモン,アイテム,KNOWN
バーゲンチケット,名詞,ポケモン,アイテム,KNOWN
ふしぎなおきもの,名詞,ポケモン,アイテム,KNOWN
ミアレガレット,名詞,ポケモン,アイテム,KNOWN
アゴのカセキ,名詞,ポケモン,アイテム,KNOWN
ヒレのカセキ,名詞,ポケモン,アイテム,KNOWN
ようせいジュエル,名詞,ポケモン,アイテム,KNOWN
たんけんこころえ,名詞,ポケモン,アイテム,KNOWN
エレベータのキー,名詞,ポケモン,アイテム,KNOWN
ホロキャスター,名詞,ポケモン,アイテム,KNOWN
カロスエンブレム,名詞,ポケモン,アイテム,KNOWN
すごそうないし,名詞,ポケモン,アイテム,KNOWN
レンズケース,名詞,ポケモン,アイテム,KNOWN
ハンサムチケット,名詞,ポケモン,アイテム,KNOWN
メガリング,名詞,ポケモン,アイテム,KNOWN
はつでんしょパス,名詞,ポケモン,アイテム,KNOWN
はかせのてがみ,名詞,ポケモン,アイテム,KNOWN
ローラースケート,名詞,ポケモン,アイテム,KNOWN
ハスボーじょうろ,名詞,ポケモン,アイテム,KNOWN
ＴＭＶパス,名詞,ポケモン,アイテム,KNOWN
ラティアスナイト,名詞,ポケモン,アイテム,KNOWN
ラティオスナイト,名詞,ポケモン,アイテム,KNOWN
ありふれたいし,名詞,ポケモン,アイテム,KNOWN
コスメポーチ,名詞,ポケモン,アイテム,KNOWN
いしょうトランク,名詞,ポケモン,アイテム,KNOWN
シャラサブレ,名詞,ポケモン,アイテム,KNOWN
メガチャーム,名詞,ポケモン,アイテム,KNOWN
メガグローブ,名詞,ポケモン,アイテム,KNOWN
デボンのにもつ,名詞,ポケモン,アイテム,KNOWN
ポロックキット,名詞,ポケモン,アイテム,KNOWN
デボンボンベ,名詞,ポケモン,アイテム,KNOWN
ライブスーツ,名詞,ポケモン,アイテム,KNOWN
マグマスーツ,名詞,ポケモン,アイテム,KNOWN
アクアスーツ,名詞,ポケモン,アイテム,KNOWN
ペアチケット,名詞,ポケモン,アイテム,KNOWN
メガバングル,名詞,ポケモン,アイテム,KNOWN
メガペンダント,名詞,ポケモン,アイテム,KNOWN
メガメガネ,名詞,ポケモン,アイテム,KNOWN
メガイカリ,名詞,ポケモン,アイテム,KNOWN
メガラペルピン,名詞,ポケモン,アイテム,KNOWN
メガティアラ,名詞,ポケモン,アイテム,KNOWN
メガアンクレット,名詞,ポケモン,アイテム,KNOWN
ラグラージナイト,名詞,ポケモン,アイテム,KNOWN
ジュカインナイト,名詞,ポケモン,アイテム,KNOWN
ヤミラミナイト,名詞,ポケモン,アイテム,KNOWN
チルタリスナイト,名詞,ポケモン,アイテム,KNOWN
エルレイドナイト,名詞,ポケモン,アイテム,KNOWN
タブンネナイト,名詞,ポケモン,アイテム,KNOWN
メタグロスナイト,名詞,ポケモン,アイテム,KNOWN
サメハダナイト,名詞,ポケモン,アイテム,KNOWN
ヤドランナイト,名詞,ポケモン,アイテム,KNOWN
ハガネールナイト,名詞,ポケモン,アイテム,KNOWN
ピジョットナイト,名詞,ポケモン,アイテム,KNOWN
オニゴーリナイト,名詞,ポケモン,アイテム,KNOWN
ディアンシナイト,名詞,ポケモン,アイテム,KNOWN
いましめのツボ,名詞,ポケモン,アイテム,KNOWN
メガブレス,名詞,ポケモン,アイテム,KNOWN
バクーダナイト,名詞,ポケモン,アイテム,KNOWN
ミミロップナイト,名詞,ポケモン,アイテム,KNOWN
ボーマンダナイト,名詞,ポケモン,アイテム,KNOWN
スピアナイト,名詞,ポケモン,アイテム,KNOWN
キーストーン,名詞,ポケモン,アイテム,KNOWN
いんせきのかけら,名詞,ポケモン,アイテム,KNOWN
むげんのふえ,名詞,ポケモン,アイテム,KNOWN
ノーマルゼット,名詞,ポケモン,アイテム,KNOWN
ホノオゼット,名詞,ポケモン,アイテム,KNOWN
ミズゼット,名詞,ポケモン,アイテム,KNOWN
デンキゼット,名詞,ポケモン,アイテム,KNOWN
クサゼット,名詞,ポケモン,アイテム,KNOWN
コオリゼット,名詞,ポケモン,アイテム,KNOWN
カクトウゼット,名詞,ポケモン,アイテム,KNOWN
ドクゼット,名詞,ポケモン,アイテム,KNOWN
ジメンゼット,名詞,ポケモン,アイテム,KNOWN
ヒコウゼット,名詞,ポケモン,アイテム,KNOWN
エスパーゼット,名詞,ポケモン,アイテム,KNOWN
ムシゼット,名詞,ポケモン,アイテム,KNOWN
イワゼット,名詞,ポケモン,アイテム,KNOWN
ゴーストゼット,名詞,ポケモン,アイテム,KNOWN
ドラゴンゼット,名詞,ポケモン,アイテム,KNOWN
アクゼット,名詞,ポケモン,アイテム,KNOWN
ハガネゼット,名詞,ポケモン,アイテム,KNOWN
フェアリーゼット,名詞,ポケモン,アイテム,KNOWN
ピカチュウゼット,名詞,ポケモン,アイテム,KNOWN
ぎんのおうかん,名詞,ポケモン,アイテム,KNOWN
きんのおうかん,名詞,ポケモン,アイテム,KNOWN
Ｚリング,名詞,ポケモン,アイテム,KNOWN
ジュナイパーゼット,名詞,ポケモン,アイテム,KNOWN
ガオガエンゼット,名詞,ポケモン,アイテム,KNOWN
アシレーヌゼット,名詞,ポケモン,アイテム,KNOWN
カプゼット,名詞,ポケモン,アイテム,KNOWN
マーシャドーゼット,名詞,ポケモン,アイテム,KNOWN
アロライゼット,名詞,ポケモン,アイテム,KNOWN
カビゴンゼット,名詞,ポケモン,アイテム,KNOWN
イーブイゼット,名詞,ポケモン,アイテム,KNOWN
ミュウゼット,名詞,ポケモン,アイテム,KNOWN
サトピカゼット,名詞,ポケモン,アイテム,KNOWN
ざいりょうぶくろ,名詞,ポケモン,アイテム,KNOWN
つりざお,名詞,ポケモン,アイテム,KNOWN
はかせのふくめん,名詞,ポケモン,アイテム,KNOWN
フェスチケット,名詞,ポケモン,アイテム,KNOWN
かがやくいし,名詞,ポケモン,アイテム,KNOWN
ビビリだま,名詞,ポケモン,アイテム,KNOWN
ジガルデキューブ,名詞,ポケモン,アイテム,KNOWN
こおりのいし,名詞,ポケモン,アイテム,KNOWN
ライドギア,名詞,ポケモン,アイテム,KNOWN
ウルトラボール,名詞,ポケモン,アイテム,KNOWN
おおきいマラサダ,名詞,ポケモン,アイテム,KNOWN
くれないのミツ,名詞,ポケモン,アイテム,KNOWN
やまぶきのミツ,名詞,ポケモン,アイテム,KNOWN
うすもものミツ,名詞,ポケモン,アイテム,KNOWN
むらさきのミツ,名詞,ポケモン,アイテム,KNOWN
たいようのふえ,名詞,ポケモン,アイテム,KNOWN
つきのふえ,名詞,ポケモン,アイテム,KNOWN
あやしいカード,名詞,ポケモン,アイテム,KNOWN
グランドコート,名詞,ポケモン,アイテム,KNOWN
ぼうごパット,名詞,ポケモン,アイテム,KNOWN
エレキシード,名詞,ポケモン,アイテム,KNOWN
サイコシード,名詞,ポケモン,アイテム,KNOWN
ミストシード,名詞,ポケモン,アイテム,KNOWN
グラスシード,名詞,ポケモン,アイテム,KNOWN
ファイトメモリ,名詞,ポケモン,アイテム,KNOWN
フライングメモリ,名詞,ポケモン,アイテム,KNOWN
ポイズンメモリ,名詞,ポケモン,アイテム,KNOWN
グラウンドメモリ,名詞,ポケモン,アイテム,KNOWN
ロックメモリ,名詞,ポケモン,アイテム,KNOWN
バグメモリ,名詞,ポケモン,アイテム,KNOWN
ゴーストメモリ,名詞,ポケモン,アイテム,KNOWN
スチールメモリ,名詞,ポケモン,アイテム,KNOWN
ファイヤーメモリ,名詞,ポケモン,アイテム,KNOWN
ウオーターメモリ,名詞,ポケモン,アイテム,KNOWN
グラスメモリ,名詞,ポケモン,アイテム,KNOWN
エレクトロメモリ,名詞,ポケモン,アイテム,KNOWN
サイキックメモリ,名詞,ポケモン,アイテム,KNOWN
アイスメモリ,名詞,ポケモン,アイテム,KNOWN
ドラゴンメモリ,名詞,ポケモン,アイテム,KNOWN
ダークメモリ,名詞,ポケモン,アイテム,KNOWN
フェアリーメモリ,名詞,ポケモン,アイテム,KNOWN
じてんしゃ,名詞,ポケモン,アイテム,KNOWN
そうこのカギ,名詞,ポケモン,アイテム,KNOWN
ちかのかぎ,名詞,ポケモン,アイテム,KNOWN
ライブキャスター,名詞,ポケモン,アイテム,KNOWN
ライブキャスター,名詞,ポケモン,アイテム,KNOWN
わすれもの,名詞,ポケモン,アイテム,KNOWN
わすれもの,名詞,ポケモン,アイテム,KNOWN
ホロキャスター,名詞,ポケモン,アイテム,KNOWN
じてんしゃ,名詞,ポケモン,アイテム,KNOWN
ホロキャスター,名詞,ポケモン,アイテム,KNOWN
ちかのカギ,名詞,ポケモン,アイテム,KNOWN
そうこのカギ,名詞,ポケモン,アイテム,KNOWN
ふねのチケット,名詞,ポケモン,アイテム,KNOWN
ライブドレス,名詞,ポケモン,アイテム,KNOWN
ノーマルゼット,名詞,ポケモン,アイテム,KNOWN
ホノオゼット,名詞,ポケモン,アイテム,KNOWN
ミズゼット,名詞,ポケモン,アイテム,KNOWN
デンキゼット,名詞,ポケモン,アイテム,KNOWN
クサゼット,名詞,ポケモン,アイテム,KNOWN
コオリゼット,名詞,ポケモン,アイテム,KNOWN
カクトウゼット,名詞,ポケモン,アイテム,KNOWN
ドクゼット,名詞,ポケモン,アイテム,KNOWN
ジメンゼット,名詞,ポケモン,アイテム,KNOWN
ヒコウゼット,名詞,ポケモン,アイテム,KNOWN
エスパーゼット,名詞,ポケモン,アイテム,KNOWN
ムシゼット,名詞,ポケモン,アイテム,KNOWN
イワゼット,名詞,ポケモン,アイテム,KNOWN
ゴーストゼット,名詞,ポケモン,アイテム,KNOWN
ドラゴンゼット,名詞,ポケモン,アイテム,KNOWN
アクゼット,名詞,ポケモン,アイテム,KNOWN
ハガネゼット,名詞,ポケモン,アイテム,KNOWN
フェアリーゼット,名詞,ポケモン,アイテム,KNOWN
ピカチュウゼット,名詞,ポケモン,アイテム,KNOWN
ジュナイパーゼット,名詞,ポケモン,アイテム,KNOWN
ガオガエンゼット,名詞,ポケモン,アイテム,KNOWN
アシレーヌゼット,名詞,ポケモン,アイテム,KNOWN
カプゼット,名詞,ポケモン,アイテム,KNOWN
マーシャドーゼット,名詞,ポケモン,アイテム,KNOWN
アロライゼット,名詞,ポケモン,アイテム,KNOWN
カビゴンゼット,名詞,ポケモン,アイテム,KNOWN
イーブイゼット,名詞,ポケモン,アイテム,KNOWN
ミュウゼット,名詞,ポケモン,アイテム,KNOWN
サトピカゼット,名詞,ポケモン,アイテム,KNOWN
ソルガレオゼット,名詞,ポケモン,アイテム,KNOWN
ルナアーラゼット,名詞,ポケモン,アイテム,KNOWN
ウルトラネクロゼット,名詞,ポケモン,アイテム,KNOWN
ミミッキュゼット,名詞,ポケモン,アイテム,KNOWN
ルガルガンゼット,名詞,ポケモン,アイテム,KNOWN
ジャラランガゼット,名詞,ポケモン,アイテム,KNOWN
ソルガレオゼット,名詞,ポケモン,アイテム,KNOWN
ルナアーラゼット,名詞,ポケモン,アイテム,KNOWN
ウルトラネクロゼット,名詞,ポケモン,アイテム,KNOWN
ミミッキュゼット,名詞,ポケモン,アイテム,KNOWN
ルガルガンゼット,名詞,ポケモン,アイテム,KNOWN
ジャラランガゼット,名詞,ポケモン,アイテム,KNOWN
Ｚパワーリング,名詞,ポケモン,アイテム,KNOWN
ももいろはなびら,名詞,ポケモン,アイテム,KNOWN
だいだいはなびら,名詞,ポケモン,アイテム,KNOWN
あおのはなびら,名詞,ポケモン,アイテム,KNOWN
あかのはなびら,名詞,ポケモン,アイテム,KNOWN
みどりのはなびら,名詞,ポケモン,アイテム,KNOWN
きいろのはなびら,名詞,ポケモン,アイテム,KNOWN
むらさきはなびら,名詞,ポケモン,アイテム,KNOWN
にじいろのはな,名詞,ポケモン,アイテム,KNOWN
だいだいバッジ,名詞,ポケモン,アイテム,KNOWN
ネクロプラスソル,名詞,ポケモン,アイテム,KNOWN
ネクロプラスルナ,名詞,ポケモン,アイテム,KNOWN
ネクロプラスソル,名詞,ポケモン,アイテム,KNOWN
ネクロプラスルナ,名詞,ポケモン,アイテム,KNOWN
イリマノーマルゼット,名詞,ポケモン,アイテム,KNOWN
のこされたボール,名詞,ポケモン,アイテム,KNOWN
タマゴふかポン,名詞,ポケモン,アイテム,KNOWN
やすうりポン,名詞,ポケモン,アイテム,KNOWN
おこづかいポン,名詞,ポケモン,アイテム,KNOWN
けいけんポン,名詞,ポケモン,アイテム,KNOWN
なつきポン,名詞,ポケモン,アイテム,KNOWN
みっけポン,名詞,ポケモン,アイテム,KNOWN
かくれポン,名詞,ポケモン,アイテム,KNOWN
ＨＰかいふくポン,名詞,ポケモン,アイテム,KNOWN
ＰＰかいふくポン,名詞,ポケモン,アイテム,KNOWN
おうえんポン,名詞,ポケモン,アイテム,KNOWN
つかまえポン,名詞,ポケモン,アイテム,KNOWN
マチスのサイン,名詞,ポケモン,アイテム,KNOWN
ポケモンボックス,名詞,ポケモン,アイテム,KNOWN
かいふくポケット,名詞,ポケモン,アイテム,KNOWN
アメボトル,名詞,ポケモン,アイテム,KNOWN
きょうかポケット,名詞,ポケモン,アイテム,KNOWN
おきがえトランク,名詞,ポケモン,アイテム,KNOWN
ほかくポケット,名詞,ポケモン,アイテム,KNOWN
バトルポケット,名詞,ポケモン,アイテム,KNOWN
ぎんのズリのみ,名詞,ポケモン,アイテム,KNOWN
きんのズリのみ,名詞,ポケモン,アイテム,KNOWN
ぎんのナナのみ,名詞,ポケモン,アイテム,KNOWN
きんのナナのみ,名詞,ポケモン,アイテム,KNOWN
ぎんのパイルのみ,名詞,ポケモン,アイテム,KNOWN
きんのパイルのみ,名詞,ポケモン,アイテム,KNOWN
ひみつのカギ,名詞,ポケモン,アイテム,KNOWN
ふねのチケット,名詞,ポケモン,アイテム,KNOWN
カードキー,名詞,ポケモン,アイテム,KNOWN
のびたバネ,名詞,ポケモン,アイテム,KNOWN
チョークいし,名詞,ポケモン,アイテム,KNOWN
ビーだま,名詞,ポケモン,アイテム,KNOWN
かたっぽピアス,名詞,ポケモン,アイテム,KNOWN
うみべのガラス,名詞,ポケモン,アイテム,KNOWN
きんのはっぱ,名詞,ポケモン,アイテム,KNOWN
ぎんのはっぱ,名詞,ポケモン,アイテム,KNOWN
ピカピカだんご,名詞,ポケモン,アイテム,KNOWN
なんごくかいがら,名詞,ポケモン,アイテム,KNOWN
このはのおてがみ,名詞,ポケモン,アイテム,KNOWN
このはのおてがみ,名詞,ポケモン,アイテム,KNOWN
ちいさなはなたば,名詞,ポケモン,アイテム,KNOWN
むしよせコロン,名詞,ポケモン,アイテム,KNOWN
シルバーコロン,名詞,ポケモン,アイテム,KNOWN
ゴールドコロン,名詞,ポケモン,アイテム,KNOWN
ニビあられ,名詞,ポケモン,アイテム,KNOWN
げんきのアメ,名詞,ポケモン,アイテム,KNOWN
ちからのアメ,名詞,ポケモン,アイテム,KNOWN
まもりのアメ,名詞,ポケモン,アイテム,KNOWN
ちしきのアメ,名詞,ポケモン,アイテム,KNOWN
こころのアメ,名詞,ポケモン,アイテム,KNOWN
はやさのアメ,名詞,ポケモン,アイテム,KNOWN
フシギダネのアメ,名詞,ポケモン,アイテム,KNOWN
ヒトカゲのアメ,名詞,ポケモン,アイテム,KNOWN
ゼニガメのアメ,名詞,ポケモン,アイテム,KNOWN
キャタピーのアメ,名詞,ポケモン,アイテム,KNOWN
ビードルのアメ,名詞,ポケモン,アイテム,KNOWN
ポッポのアメ,名詞,ポケモン,アイテム,KNOWN
コラッタのアメ,名詞,ポケモン,アイテム,KNOWN
オニスズメのアメ,名詞,ポケモン,アイテム,KNOWN
アーボのアメ,名詞,ポケモン,アイテム,KNOWN
ピカチュウのアメ,名詞,ポケモン,アイテム,KNOWN
サンドのアメ,名詞,ポケモン,アイテム,KNOWN
ニドラン♀のアメ,名詞,ポケモン,アイテム,KNOWN
ニドラン♂のアメ,名詞,ポケモン,アイテム,KNOWN
ピッピのアメ,名詞,ポケモン,アイテム,KNOWN
ロコンのアメ,名詞,ポケモン,アイテム,KNOWN
プリンのアメ,名詞,ポケモン,アイテム,KNOWN
ズバットのアメ,名詞,ポケモン,アイテム,KNOWN
ナゾノクサのアメ,名詞,ポケモン,アイテム,KNOWN
パラスのアメ,名詞,ポケモン,アイテム,KNOWN
コンパンのアメ,名詞,ポケモン,アイテム,KNOWN
ディグダのアメ,名詞,ポケモン,アイテム,KNOWN
ニャースのアメ,名詞,ポケモン,アイテム,KNOWN
コダックのアメ,名詞,ポケモン,アイテム,KNOWN
マンキーのアメ,名詞,ポケモン,アイテム,KNOWN
ガーディのアメ,名詞,ポケモン,アイテム,KNOWN
ニョロモのアメ,名詞,ポケモン,アイテム,KNOWN
ケーシィのアメ,名詞,ポケモン,アイテム,KNOWN
ワンリキーのアメ,名詞,ポケモン,アイテム,KNOWN
マダツボミのアメ,名詞,ポケモン,アイテム,KNOWN
メノクラゲのアメ,名詞,ポケモン,アイテム,KNOWN
イシツブテのアメ,名詞,ポケモン,アイテム,KNOWN
ポニータのアメ,名詞,ポケモン,アイテム,KNOWN
ヤドンのアメ,名詞,ポケモン,アイテム,KNOWN
コイルのアメ,名詞,ポケモン,アイテム,KNOWN
カモネギのアメ,名詞,ポケモン,アイテム,KNOWN
ドードーのアメ,名詞,ポケモン,アイテム,KNOWN
パウワウのアメ,名詞,ポケモン,アイテム,KNOWN
ベトベターのアメ,名詞,ポケモン,アイテム,KNOWN
シェルダーのアメ,名詞,ポケモン,アイテム,KNOWN
ゴースのアメ,名詞,ポケモン,アイテム,KNOWN
イワークのアメ,名詞,ポケモン,アイテム,KNOWN
スリープのアメ,名詞,ポケモン,アイテム,KNOWN
クラブのアメ,名詞,ポケモン,アイテム,KNOWN
ビリリダマのアメ,名詞,ポケモン,アイテム,KNOWN
タマタマのアメ,名詞,ポケモン,アイテム,KNOWN
カラカラのアメ,名詞,ポケモン,アイテム,KNOWN
サワムラーのアメ,名詞,ポケモン,アイテム,KNOWN
エビワラーのアメ,名詞,ポケモン,アイテム,KNOWN
ベロリンガのアメ,名詞,ポケモン,アイテム,KNOWN
ドガースのアメ,名詞,ポケモン,アイテム,KNOWN
サイホーンのアメ,名詞,ポケモン,アイテム,KNOWN
ラッキーのアメ,名詞,ポケモン,アイテム,KNOWN
モンジャラのアメ,名詞,ポケモン,アイテム,KNOWN
ガルーラのアメ,名詞,ポケモン,アイテム,KNOWN
タッツーのアメ,名詞,ポケモン,アイテム,KNOWN
トサキントのアメ,名詞,ポケモン,アイテム,KNOWN
ヒトデマンのアメ,名詞,ポケモン,アイテム,KNOWN
バリヤードのアメ,名詞,ポケモン,アイテム,KNOWN
ストライクのアメ,名詞,ポケモン,アイテム,KNOWN
ルージュラのアメ,名詞,ポケモン,アイテム,KNOWN
エレブーのアメ,名詞,ポケモン,アイテム,KNOWN
カイロスのアメ,名詞,ポケモン,アイテム,KNOWN
ケンタロスのアメ,名詞,ポケモン,アイテム,KNOWN
コイキングのアメ,名詞,ポケモン,アイテム,KNOWN
ラプラスのアメ,名詞,ポケモン,アイテム,KNOWN
メタモンのアメ,名詞,ポケモン,アイテム,KNOWN
イーブイのアメ,名詞,ポケモン,アイテム,KNOWN
ポリゴンのアメ,名詞,ポケモン,アイテム,KNOWN
オムナイトのアメ,名詞,ポケモン,アイテム,KNOWN
カブトのアメ,名詞,ポケモン,アイテム,KNOWN
プテラのアメ,名詞,ポケモン,アイテム,KNOWN
カビゴンのアメ,名詞,ポケモン,アイテム,KNOWN
フリーザーのアメ,名詞,ポケモン,アイテム,KNOWN
サンダーのアメ,名詞,ポケモン,アイテム,KNOWN
ファイヤーのアメ,名詞,ポケモン,アイテム,KNOWN
ミニリュウのアメ,名詞,ポケモン,アイテム,KNOWN
ミュウツーのアメ,名詞,ポケモン,アイテム,KNOWN
ミュウのアメ,名詞,ポケモン,アイテム,KNOWN
メルタンのアメ,名詞,ポケモン,アイテム,KNOWN
ブーバーのアメ,名詞,ポケモン,アイテム,KNOWN
すいせんじょう,名詞,ポケモン,アイテム,KNOWN
ポケモンボックス,名詞,ポケモン,アイテム,KNOWN
ねがいぼし,名詞,ポケモン,アイテム,KNOWN
ダイマックスＢ,名詞,ポケモン,アイテム,KNOWN
つりざお,名詞,ポケモン,アイテム,KNOWN
ロトムじてんしゃ,名詞,ポケモン,アイテム,KNOWN
あらびきヴルスト,名詞,ポケモン,アイテム,KNOWN
ボブのかんづめ,名詞,ポケモン,アイテム,KNOWN
バックのかんづめ,名詞,ポケモン,アイテム,KNOWN
マメかん,名詞,ポケモン,アイテム,KNOWN
しょくパン,名詞,ポケモン,アイテム,KNOWN
パスタ,名詞,ポケモン,アイテム,KNOWN
キノコパック,名詞,ポケモン,アイテム,KNOWN
しっぽのくんせい,名詞,ポケモン,アイテム,KNOWN
ふといながねぎ,名詞,ポケモン,アイテム,KNOWN
とくせんリンゴ,名詞,ポケモン,アイテム,KNOWN
かぼそいホネ,名詞,ポケモン,アイテム,KNOWN
ポテトパック,名詞,ポケモン,アイテム,KNOWN
みずべのハーブ,名詞,ポケモン,アイテム,KNOWN
やさいパック,名詞,ポケモン,アイテム,KNOWN
フライもりあわせ,名詞,ポケモン,アイテム,KNOWN
ゆでタマゴ,名詞,ポケモン,アイテム,KNOWN
キャンプセット,名詞,ポケモン,アイテム,KNOWN
くちたけん,名詞,ポケモン,アイテム,KNOWN
くちたたて,名詞,ポケモン,アイテム,KNOWN
カセキのトリ,名詞,ポケモン,アイテム,KNOWN
カセキのサカナ,名詞,ポケモン,アイテム,KNOWN
カセキのリュウ,名詞,ポケモン,アイテム,KNOWN
カセキのクビナガ,名詞,ポケモン,アイテム,KNOWN
いちごアメざいく,名詞,ポケモン,アイテム,KNOWN
ハートアメざいく,名詞,ポケモン,アイテム,KNOWN
ベリーアメざいく,名詞,ポケモン,アイテム,KNOWN
よつばアメざいく,名詞,ポケモン,アイテム,KNOWN
おはなアメざいく,名詞,ポケモン,アイテム,KNOWN
スターアメざいく,名詞,ポケモン,アイテム,KNOWN
リボンアメざいく,名詞,ポケモン,アイテム,KNOWN
あまーいりんご,名詞,ポケモン,アイテム,KNOWN
すっぱいりんご,名詞,ポケモン,アイテム,KNOWN
のどスプレー,名詞,ポケモン,アイテム,KNOWN
だっしゅつパック,名詞,ポケモン,アイテム,KNOWN
あつぞこブーツ,名詞,ポケモン,アイテム,KNOWN
からぶりほけん,名詞,ポケモン,アイテム,KNOWN
ルームサービス,名詞,ポケモン,アイテム,KNOWN
ばんのうがさ,名詞,ポケモン,アイテム,KNOWN
けいけんアメ,名詞,ポケモン,アイテム,KNOWN
ダイマックスアメ,名詞,ポケモン,アイテム,KNOWN
わざレコード,名詞,ポケモン,アイテム,KNOWN
さみしがりミント,名詞,ポケモン,アイテム,KNOWN
いじっぱりミント,名詞,ポケモン,アイテム,KNOWN
やんちゃミント,名詞,ポケモン,アイテム,KNOWN
ゆうかんミント,名詞,ポケモン,アイテム,KNOWN
ずぶといミント,名詞,ポケモン,アイテム,KNOWN
わんぱくミント,名詞,ポケモン,アイテム,KNOWN
のうてんきミント,名詞,ポケモン,アイテム,KNOWN
のんきミント,名詞,ポケモン,アイテム,KNOWN
ひかえめミント,名詞,ポケモン,アイテム,KNOWN
おっとりミント,名詞,ポケモン,アイテム,KNOWN
うっかりやミント,名詞,ポケモン,アイテム,KNOWN
れいせいミント,名詞,ポケモン,アイテム,KNOWN
おだやかミント,名詞,ポケモン,アイテム,KNOWN
おとなしいミント,名詞,ポケモン,アイテム,KNOWN
しんちょうミント,名詞,ポケモン,アイテム,KNOWN
なまいきミント,名詞,ポケモン,アイテム,KNOWN
おくびょうミント,名詞,ポケモン,アイテム,KNOWN
せっかちミント,名詞,ポケモン,アイテム,KNOWN
ようきミント,名詞,ポケモン,アイテム,KNOWN
むじゃきミント,名詞,ポケモン,アイテム,KNOWN
まじめミント,名詞,ポケモン,アイテム,KNOWN
ねがいのかたまり,名詞,ポケモン,アイテム,KNOWN
われたポット,名詞,ポケモン,アイテム,KNOWN
かけたポット,名詞,ポケモン,アイテム,KNOWN
すごいみみせん,名詞,ポケモン,アイテム,KNOWN
フサパック,名詞,ポケモン,アイテム,KNOWN
モーモーチーズ,名詞,ポケモン,アイテム,KNOWN
スパイスセット,名詞,ポケモン,アイテム,KNOWN
しんせんクリーム,名詞,ポケモン,アイテム,KNOWN
レトルトカレー,名詞,ポケモン,アイテム,KNOWN
ヤシのミルク,名詞,ポケモン,アイテム,KNOWN
レトルトめん,名詞,ポケモン,アイテム,KNOWN
レトルトバーグ,名詞,ポケモン,アイテム,KNOWN
キョダイパウダー,名詞,ポケモン,アイテム,KNOWN
ねがいのかけら,名詞,ポケモン,アイテム,KNOWN
ロトムじてんしゃ,名詞,ポケモン,アイテム,KNOWN
ゆれないおまもり,名詞,ポケモン,アイテム,KNOWN
ふるびたてがみ,名詞,ポケモン,アイテム,KNOWN
バンドのサイン,名詞,ポケモン,アイテム,KNOWN
ソニアのほん,名詞,ポケモン,アイテム,KNOWN
ロトムのカタログ,名詞,ポケモン,アイテム,KNOWN
ダイミツ,名詞,ポケモン,アイテム,KNOWN
ダイキノコ,名詞,ポケモン,アイテム,KNOWN
ガラナツのえだ,名詞,ポケモン,アイテム,KNOWN
ガラナツブレス,名詞,ポケモン,アイテム,KNOWN
おしゃれカード,名詞,ポケモン,アイテム,KNOWN
ヨロイパス,名詞,ポケモン,アイテム,KNOWN
ロトムじてんしゃ,名詞,ポケモン,アイテム,KNOWN
ロトムじてんしゃ,名詞,ポケモン,アイテム,KNOWN
けいけんおまもり,名詞,ポケモン,アイテム,KNOWN
ヨロイこうせき,名詞,ポケモン,アイテム,KNOWN
あかしのおまもり,名詞,ポケモン,アイテム,KNOWN
キズナのタヅナ,名詞,ポケモン,アイテム,KNOWN
キズナのタヅナ,名詞,ポケモン,アイテム,KNOWN
ガラナツリース,名詞,ポケモン,アイテム,KNOWN
でんせつのメモ１,名詞,ポケモン,アイテム,KNOWN
でんせつのメモ,名詞,ポケモン,アイテム,KNOWN
でんせつのメモ３,名詞,ポケモン,アイテム,KNOWN
でんせつのメモ？,名詞,ポケモン,アイテム,KNOWN
カンムリパス,名詞,ポケモン,アイテム,KNOWN
きぼりのかんむり,名詞,ポケモン,アイテム,KNOWN
かがやくはなびら,名詞,ポケモン,アイテム,KNOWN
しろいたてがみ,名詞,ポケモン,アイテム,KNOWN
くろいたてがみ,名詞,ポケモン,アイテム,KNOWN
つめたいにんじん,名詞,ポケモン,アイテム,KNOWN
くろいにんじん,名詞,ポケモン,アイテム,KNOWN
マックスこうせき,名詞,ポケモン,アイテム,KNOWN
にんじんのタネ,名詞,ポケモン,アイテム,KNOWN
とくせいパッチ,名詞,ポケモン,アイテム,KNOWN
キズナのタヅナ,名詞,ポケモン,アイテム,KNOWN
だいこんごうだま,名詞,ポケモン,アイテム,KNOWN
だいしらたま,名詞,ポケモン,アイテム,KNOWN
だいはっきんだま,名詞,ポケモン,アイテム,KNOWN
まっさらプレート,名詞,ポケモン,アイテム,KNOWN
ストレンジボール,名詞,ポケモン,アイテム,KNOWN
レジェンドプレート,名詞,ポケモン,アイテム,KNOWN
スマホロトム,名詞,ポケモン,アイテム,KNOWN
サンドウィッチ,名詞,ポケモン,アイテム,KNOWN
コライドンのボール,名詞,ポケモン,アイテム,KNOWN
ミライドンのボール,名詞,ポケモン,アイテム,KNOWN
テラスタルオーブ,名詞,ポケモン,アイテム,KNOWN
スカーレットブック,名詞,ポケモン,アイテム,KNOWN
バイオレットブック,名詞,ポケモン,アイテム,KNOWN
ハイダイのサイフ,名詞,ポケモン,アイテム,KNOWN
ちいさなタケノコ,名詞,ポケモン,アイテム,KNOWN
おおきなタケノコ,名詞,ポケモン,アイテム,KNOWN
あくのかけじく,名詞,ポケモン,アイテム,KNOWN
みずのかけじく,名詞,ポケモン,アイテム,KNOWN
ノロイノヨロイ,名詞,ポケモン,アイテム,KNOWN
テラピースノーマル,名詞,ポケモン,アイテム,KNOWN
テラピースほのお,名詞,ポケモン,アイテム,KNOWN
テラピースみず,名詞,ポケモン,アイテム,KNOWN
テラピースでんき,名詞,ポケモン,アイテム,KNOWN
テラピースくさ,名詞,ポケモン,アイテム,KNOWN
テラピースこおり,名詞,ポケモン,アイテム,KNOWN
テラピースかくとう,名詞,ポケモン,アイテム,KNOWN
テラピースどく,名詞,ポケモン,アイテム,KNOWN
テラピースじめん,名詞,ポケモン,アイテム,KNOWN
テラピースひこう,名詞,ポケモン,アイテム,KNOWN
テラピースエスパー,名詞,ポケモン,アイテム,KNOWN
テラピースむし,名詞,ポケモン,アイテム,KNOWN
テラピースいわ,名詞,ポケモン,アイテム,KNOWN
テラピースゴースト,名詞,ポケモン,アイテム,KNOWN
テラピースドラゴン,名詞,ポケモン,アイテム,KNOWN
テラピースあく,名詞,ポケモン,アイテム,KNOWN
テラピースはがね,名詞,ポケモン,アイテム,KNOWN
テラピースフェアリー,名詞,ポケモン,アイテム,KNOWN
ブーストエナジー,名詞,ポケモン,アイテム,KNOWN
とくせいガード,名詞,ポケモン,アイテム,KNOWN
クリアチャーム,名詞,ポケモン,アイテム,KNOWN
ものまねハーブ,名詞,ポケモン,アイテム,KNOWN
パンチグローブ,名詞,ポケモン,アイテム,KNOWN
おんみつマント,名詞,ポケモン,アイテム,KNOWN
いかさまダイス,名詞,ポケモン,アイテム,KNOWN
バケット,名詞,ポケモン,アイテム,KNOWN
マヨネーズ,名詞,ポケモン,アイテム,KNOWN
ケチャップ,名詞,ポケモン,アイテム,KNOWN
マスタード,名詞,ポケモン,アイテム,KNOWN
バター,名詞,ポケモン,アイテム,KNOWN
ピーナッツバター,名詞,ポケモン,アイテム,KNOWN
チリソース,名詞,ポケモン,アイテム,KNOWN
ソルト,名詞,ポケモン,アイテム,KNOWN
ペッパー,名詞,ポケモン,アイテム,KNOWN
ヨーグルト,名詞,ポケモン,アイテム,KNOWN
ホイップクリーム,名詞,ポケモン,アイテム,KNOWN
クリームチーズ,名詞,ポケモン,アイテム,KNOWN
ベリージャム,名詞,ポケモン,アイテム,KNOWN
マーマレード,名詞,ポケモン,アイテム,KNOWN
オリーブオイル,名詞,ポケモン,アイテム,KNOWN
ビネガー,名詞,ポケモン,アイテム,KNOWN
あまスパイス,名詞,ポケモン,アイテム,KNOWN
しおスパイス,名詞,ポケモン,アイテム,KNOWN
すぱスパイス,名詞,ポケモン,アイテム,KNOWN
にがスパイス,名詞,ポケモン,アイテム,KNOWN
からスパイス,名詞,ポケモン,アイテム,KNOWN
レタス,名詞,ポケモン,アイテム,KNOWN
トマトスライス,名詞,ポケモン,アイテム,KNOWN
カットミニトマト,名詞,ポケモン,アイテム,KNOWN
キュウリスライス,名詞,ポケモン,アイテム,KNOWN
ピクルススライス,名詞,ポケモン,アイテム,KNOWN
たまねぎスライス,名詞,ポケモン,アイテム,KNOWN
アーリーレッド,名詞,ポケモン,アイテム,KNOWN
ピーマンスライス,名詞,ポケモン,アイテム,KNOWN
あかパプリカスライス,名詞,ポケモン,アイテム,KNOWN
きパプリカスライス,名詞,ポケモン,アイテム,KNOWN
アボカド,名詞,ポケモン,アイテム,KNOWN
やきベーコン,名詞,ポケモン,アイテム,KNOWN
ハムスライス,名詞,ポケモン,アイテム,KNOWN
なまハム,名詞,ポケモン,アイテム,KNOWN
やきチョリソー,名詞,ポケモン,アイテム,KNOWN
ハーブソーセージ,名詞,ポケモン,アイテム,KNOWN
ハンバーグ,名詞,ポケモン,アイテム,KNOWN
ガケガニスティック,名詞,ポケモン,アイテム,KNOWN
スモークきりみ,名詞,ポケモン,アイテム,KNOWN
きりみフライ,名詞,ポケモン,アイテム,KNOWN
スライスエッグ,名詞,ポケモン,アイテム,KNOWN
トルティージャ,名詞,ポケモン,アイテム,KNOWN
トーフ,名詞,ポケモン,アイテム,KNOWN
ライス,名詞,ポケモン,アイテム,KNOWN
ヌードル,名詞,ポケモン,アイテム,KNOWN
ポテトサラダ,名詞,ポケモン,アイテム,KNOWN
スライスチーズ,名詞,ポケモン,アイテム,KNOWN
バナナスライス,名詞,ポケモン,アイテム,KNOWN
いちごスライス,名詞,ポケモン,アイテム,KNOWN
わぎりリンゴ,名詞,ポケモン,アイテム,KNOWN
わぎりキウイ,名詞,ポケモン,アイテム,KNOWN
カットパイン,名詞,ポケモン,アイテム,KNOWN
バラペーニョ,名詞,ポケモン,アイテム,KNOWN
ホースラディッシュ,名詞,ポケモン,アイテム,KNOWN
カレーパウダー,名詞,ポケモン,アイテム,KNOWN
ワサビソース,名詞,ポケモン,アイテム,KNOWN
クレソン,名詞,ポケモン,アイテム,KNOWN
バジル,名詞,ポケモン,アイテム,KNOWN
コンパンのキバ,名詞,ポケモン,アイテム,KNOWN
ディグダのつち,名詞,ポケモン,アイテム,KNOWN
ニャースのけ,名詞,ポケモン,アイテム,KNOWN
コダックのうもう,名詞,ポケモン,アイテム,KNOWN
マンキーのけ,名詞,ポケモン,アイテム,KNOWN
ガーディのけ,名詞,ポケモン,アイテム,KNOWN
ヤドンのツメ,名詞,ポケモン,アイテム,KNOWN
コイルのねじ,名詞,ポケモン,アイテム,KNOWN
ベトベターのどくそ,名詞,ポケモン,アイテム,KNOWN
シェルダーのしんじゅ,名詞,ポケモン,アイテム,KNOWN
ゴースのガス,名詞,ポケモン,アイテム,KNOWN
スリープのけ,名詞,ポケモン,アイテム,KNOWN
ビリリダマのでんき,名詞,ポケモン,アイテム,KNOWN
ストライクのツメ,名詞,ポケモン,アイテム,KNOWN
ケンタロスのけ,名詞,ポケモン,アイテム,KNOWN
コイキングのウロコ,名詞,ポケモン,アイテム,KNOWN
メタモンのべたべた,名詞,ポケモン,アイテム,KNOWN
イーブイのけ,名詞,ポケモン,アイテム,KNOWN
ミニリュウのウロコ,名詞,ポケモン,アイテム,KNOWN
ピチューのけ,名詞,ポケモン,アイテム,KNOWN
ププリンのけ,名詞,ポケモン,アイテム,KNOWN
メリープのけだま,名詞,ポケモン,アイテム,KNOWN
ハネッコのはっぱ,名詞,ポケモン,アイテム,KNOWN
ヒマナッツのはっぱ,名詞,ポケモン,アイテム,KNOWN
ヤミカラスのおたから,名詞,ポケモン,アイテム,KNOWN
ムウマのなみだ,名詞,ポケモン,アイテム,KNOWN
キリンリキのけ,名詞,ポケモン,アイテム,KNOWN
クヌギダマのから,名詞,ポケモン,アイテム,KNOWN
ノコッチのウロコ,名詞,ポケモン,アイテム,KNOWN
ハリーセンのトゲ,名詞,ポケモン,アイテム,KNOWN
ヘラクロスのツメ,名詞,ポケモン,アイテム,KNOWN
ニューラのツメ,名詞,ポケモン,アイテム,KNOWN
ヒメグマのツメ,名詞,ポケモン,アイテム,KNOWN
デリバードのにもつ,名詞,ポケモン,アイテム,KNOWN
デルビルのキバ,名詞,ポケモン,アイテム,KNOWN
ゴマゾウのツメ,名詞,ポケモン,アイテム,KNOWN
オドシシのけ,名詞,ポケモン,アイテム,KNOWN
ヨーギラスのツメ,名詞,ポケモン,アイテム,KNOWN
キャモメのはね,名詞,ポケモン,アイテム,KNOWN
ラルトスのおとしもの,名詞,ポケモン,アイテム,KNOWN
アメタマのミツ,名詞,ポケモン,アイテム,KNOWN
キノココのほうし,名詞,ポケモン,アイテム,KNOWN
ナマケロのけ,名詞,ポケモン,アイテム,KNOWN
マクノシタのあせ,名詞,ポケモン,アイテム,KNOWN
ルリリのけ,名詞,ポケモン,アイテム,KNOWN
ヤミラミのほうせき,名詞,ポケモン,アイテム,KNOWN
アサナンのあせ,名詞,ポケモン,アイテム,KNOWN
ゴクリンのねんえき,名詞,ポケモン,アイテム,KNOWN
ドンメルのようがん,名詞,ポケモン,アイテム,KNOWN
コータスのせきたん,名詞,ポケモン,アイテム,KNOWN
バネブーのしんじゅ,名詞,ポケモン,アイテム,KNOWN
サボネアのトゲ,名詞,ポケモン,アイテム,KNOWN
チルットのはね,名詞,ポケモン,アイテム,KNOWN
ザングースのツメ,名詞,ポケモン,アイテム,KNOWN
ハブネークのキバ,名詞,ポケモン,アイテム,KNOWN
ドジョッチのねんえき,名詞,ポケモン,アイテム,KNOWN
カゲボウズのきれはし,名詞,ポケモン,アイテム,KNOWN
トロピウスのはっぱ,名詞,ポケモン,アイテム,KNOWN
ユキワラシのけ,名詞,ポケモン,アイテム,KNOWN
ラブカスのウロコ,名詞,ポケモン,アイテム,KNOWN
タツベイのウロコ,名詞,ポケモン,アイテム,KNOWN
ムックルのはね,名詞,ポケモン,アイテム,KNOWN
コロボーシのぬけがら,名詞,ポケモン,アイテム,KNOWN
コリンクのキバ,名詞,ポケモン,アイテム,KNOWN
ミツハニーのミツ,名詞,ポケモン,アイテム,KNOWN
パチリスのけ,名詞,ポケモン,アイテム,KNOWN
ブイゼルのけ,名詞,ポケモン,アイテム,KNOWN
カラナクシのねんえき,名詞,ポケモン,アイテム,KNOWN
フワンテのガス,名詞,ポケモン,アイテム,KNOWN
スカンプーのけ,名詞,ポケモン,アイテム,KNOWN
ドーミラーのかけら,名詞,ポケモン,アイテム,KNOWN
ウソハチのなみだ,名詞,ポケモン,アイテム,KNOWN
ピンプクのおとしもの,名詞,ポケモン,アイテム,KNOWN
ミカルゲのかけら,名詞,ポケモン,アイテム,KNOWN
フカマルのウロコ,名詞,ポケモン,アイテム,KNOWN
リオルのけ,名詞,ポケモン,アイテム,KNOWN
ヒポポタスのすな,名詞,ポケモン,アイテム,KNOWN
グレッグルのどくそ,名詞,ポケモン,アイテム,KNOWN
ケイコウオのウロコ,名詞,ポケモン,アイテム,KNOWN
ユキカブリのみ,名詞,ポケモン,アイテム,KNOWN
ロトムのでんき,名詞,ポケモン,アイテム,KNOWN
チュリネのはっぱ,名詞,ポケモン,アイテム,KNOWN
バスラオのキバ,名詞,ポケモン,アイテム,KNOWN
メグロコのツメ,名詞,ポケモン,アイテム,KNOWN
ゾロアのけ,名詞,ポケモン,アイテム,KNOWN
ゴチムのまつげ,名詞,ポケモン,アイテム,KNOWN
シキジカのけ,名詞,ポケモン,アイテム,KNOWN
タマゲタケのほうし,名詞,ポケモン,アイテム,KNOWN
ママンボウのねんえき,名詞,ポケモン,アイテム,KNOWN
シビシラスのねんえき,名詞,ポケモン,アイテム,KNOWN
キバゴのウロコ,名詞,ポケモン,アイテム,KNOWN
クマシュンのけ,名詞,ポケモン,アイテム,KNOWN
フリージオのこおり,名詞,ポケモン,アイテム,KNOWN
コマタナのやいば,名詞,ポケモン,アイテム,KNOWN
ワシボンのはね,名詞,ポケモン,アイテム,KNOWN
モノズのウロコ,名詞,ポケモン,アイテム,KNOWN
メラルバのけ,名詞,ポケモン,アイテム,KNOWN
ヤヤコマのはね,名詞,ポケモン,アイテム,KNOWN
コフキムシのこな,名詞,ポケモン,アイテム,KNOWN
シシコのたてがみ,名詞,ポケモン,アイテム,KNOWN
フラベベのかふん,名詞,ポケモン,アイテム,KNOWN
メェークルのはっぱ,名詞,ポケモン,アイテム,KNOWN
クズモーのもくず,名詞,ポケモン,アイテム,KNOWN
ウデッポウのハサミ,名詞,ポケモン,アイテム,KNOWN
ルチャブルのうもう,名詞,ポケモン,アイテム,KNOWN
デデンネのけ,名詞,ポケモン,アイテム,KNOWN
ヌメラのねんえき,名詞,ポケモン,アイテム,KNOWN
クレッフィのかぎ,名詞,ポケモン,アイテム,KNOWN
カチコールのこおり,名詞,ポケモン,アイテム,KNOWN
オンバットのけ,名詞,ポケモン,アイテム,KNOWN
ヤングースのけ,名詞,ポケモン,アイテム,KNOWN
マケンカニのから,名詞,ポケモン,アイテム,KNOWN
オドリドリのはね,名詞,ポケモン,アイテム,KNOWN
イワンコのいわ,名詞,ポケモン,アイテム,KNOWN
ヒドイデのトゲ,名詞,ポケモン,アイテム,KNOWN
ドロバンコのどろ,名詞,ポケモン,アイテム,KNOWN
カリキリのはっぱ,名詞,ポケモン,アイテム,KNOWN
ヤトウモリのガス,名詞,ポケモン,アイテム,KNOWN
アマカジのあせ,名詞,ポケモン,アイテム,KNOWN
ヤレユータンのけ,名詞,ポケモン,アイテム,KNOWN
ナゲツケサルのけ,名詞,ポケモン,アイテム,KNOWN
スナバァのすな,名詞,ポケモン,アイテム,KNOWN
ネッコアラのツメ,名詞,ポケモン,アイテム,KNOWN
ミミッキュのきれはし,名詞,ポケモン,アイテム,KNOWN
ハギギシリのは,名詞,ポケモン,アイテム,KNOWN
カムカメのツメ,名詞,ポケモン,アイテム,KNOWN
ホシガリスのけ,名詞,ポケモン,アイテム,KNOWN
サシカマスのウロコ,名詞,ポケモン,アイテム,KNOWN
ココガラのはね,名詞,ポケモン,アイテム,KNOWN
エレズンのでんき,名詞,ポケモン,アイテム,KNOWN
タイレーツのあせ,名詞,ポケモン,アイテム,KNOWN
ゾウドウのさび,名詞,ポケモン,アイテム,KNOWN
タンドンのせきたん,名詞,ポケモン,アイテム,KNOWN
スナヘビのすな,名詞,ポケモン,アイテム,KNOWN
イエッサンのけ,名詞,ポケモン,アイテム,KNOWN
バチンウニのはり,名詞,ポケモン,アイテム,KNOWN
ユキハミのいと,名詞,ポケモン,アイテム,KNOWN
ベロバーのけ,名詞,ポケモン,アイテム,KNOWN
カジッチュのかじゅう,名詞,ポケモン,アイテム,KNOWN
ヤバチャのかけら,名詞,ポケモン,アイテム,KNOWN
ミブリムのおとしもの,名詞,ポケモン,アイテム,KNOWN
イシヘンジンのいわ,名詞,ポケモン,アイテム,KNOWN
コオリッポのうもう,名詞,ポケモン,アイテム,KNOWN
ドラメシヤのこな,名詞,ポケモン,アイテム,KNOWN
グルトンのけ,名詞,ポケモン,アイテム,KNOWN
タマンチュラのいと,名詞,ポケモン,アイテム,KNOWN
マメバッタのツメ,名詞,ポケモン,アイテム,KNOWN
シガロコのどろ,名詞,ポケモン,アイテム,KNOWN
ボチのろう,名詞,ポケモン,アイテム,KNOWN
ヒラヒナのうもう,名詞,ポケモン,アイテム,KNOWN
ウミディグダのすな,名詞,ポケモン,アイテム,KNOWN
ヘイラッシャのヒゲ,名詞,ポケモン,アイテム,KNOWN
ミガルーサのきりみ,名詞,ポケモン,アイテム,KNOWN
ナミイルカのねんえき,名詞,ポケモン,アイテム,KNOWN
ミニーブのオイル,名詞,ポケモン,アイテム,KNOWN
カプサイジのたね,名詞,ポケモン,アイテム,KNOWN
ズピカのねんえき,名詞,ポケモン,アイテム,KNOWN
ブロロンのガス,名詞,ポケモン,アイテム,KNOWN
ミミズズのさび,名詞,ポケモン,アイテム,KNOWN
ワッカネズミのけ,名詞,ポケモン,アイテム,KNOWN
アルクジラのあぶら,名詞,ポケモン,アイテム,KNOWN
セビエのウロコ,名詞,ポケモン,アイテム,KNOWN
シャリタツのウロコ,名詞,ポケモン,アイテム,KNOWN
モトトカゲのウロコ,名詞,ポケモン,アイテム,KNOWN
パモのけ,名詞,ポケモン,アイテム,KNOWN
カイデンのはね,名詞,ポケモン,アイテム,KNOWN
オトシドリのはね,名詞,ポケモン,アイテム,KNOWN
イキリンコのはね,名詞,ポケモン,アイテム,KNOWN
カラミンゴのうもう,名詞,ポケモン,アイテム,KNOWN
ガケガニのハサミ,名詞,ポケモン,アイテム,KNOWN
コジオのしお,名詞,ポケモン,アイテム,KNOWN
キラーメのけっしょう,名詞,ポケモン,アイテム,KNOWN
シルシュルーのインク,名詞,ポケモン,アイテム,KNOWN
パピモッチのけ,名詞,ポケモン,アイテム,KNOWN
オラチフのキバ,名詞,ポケモン,アイテム,KNOWN
アノクサのえだ,名詞,ポケモン,アイテム,KNOWN
コレクレーのコイン,名詞,ポケモン,アイテム,KNOWN
カヌチャンのけ,名詞,ポケモン,アイテム,KNOWN
カルボウのすす,名詞,ポケモン,アイテム,KNOWN
ノノクラゲのヒラヒラ,名詞,ポケモン,アイテム,KNOWN
ウパーのねんえき,名詞,ポケモン,アイテム,KNOWN
ピクニックセット,名詞,ポケモン,アイテム,KNOWN
スクールボトル,名詞,ポケモン,アイテム,KNOWN
スクールボトル,名詞,ポケモン,アイテム,KNOWN
みずたまボトル,名詞,ポケモン,アイテム,KNOWN
ストライプボトル,名詞,ポケモン,アイテム,KNOWN
ダイヤボトル,名詞,ポケモン,アイテム,KNOWN
スクールカップ,名詞,ポケモン,アイテム,KNOWN
スクールカップ,名詞,ポケモン,アイテム,KNOWN
たてストライプカップ,名詞,ポケモン,アイテム,KNOWN
みずたまカップ,名詞,ポケモン,アイテム,KNOWN
フラワーカップ,名詞,ポケモン,アイテム,KNOWN
スクールクロス,名詞,ポケモン,アイテム,KNOWN
スクールクロス,名詞,ポケモン,アイテム,KNOWN
ファンシークロス,名詞,ポケモン,アイテム,KNOWN
ネイチャークロス,名詞,ポケモン,アイテム,KNOWN
うらめしクロス,名詞,ポケモン,アイテム,KNOWN
スクールボール,名詞,ポケモン,アイテム,KNOWN
スクールボール,名詞,ポケモン,アイテム,KNOWN
マリルボール,名詞,ポケモン,アイテム,KNOWN
けいとボール,名詞,ポケモン,アイテム,KNOWN
ゲーミングボール,名詞,ポケモン,アイテム,KNOWN
ゴールドピック,名詞,ポケモン,アイテム,KNOWN
シルバーピック,名詞,ポケモン,アイテム,KNOWN
あかいはたピック,名詞,ポケモン,アイテム,KNOWN
あおいはたピック,名詞,ポケモン,アイテム,KNOWN
ピカピカピック,名詞,ポケモン,アイテム,KNOWN
パチピカピック,名詞,ポケモン,アイテム,KNOWN
ブイブイピック,名詞,ポケモン,アイテム,KNOWN
ニコブイピック,名詞,ポケモン,アイテム,KNOWN
あおボールピック,名詞,ポケモン,アイテム,KNOWN
イワイノヨロイ,名詞,ポケモン,アイテム,KNOWN
かしらのしるし,名詞,ポケモン,アイテム,KNOWN
ピンクボトル,名詞,ポケモン,アイテム,KNOWN
ブルーボトル,名詞,ポケモン,アイテム,KNOWN
イエローボトル,名詞,ポケモン,アイテム,KNOWN
Rステンレスボトル,名詞,ポケモン,アイテム,KNOWN
シルバーチタンボトル,名詞,ポケモン,アイテム,KNOWN
よこストライプカップ,名詞,ポケモン,アイテム,KNOWN
ダイヤカップ,名詞,ポケモン,アイテム,KNOWN
ファイヤーカップ,名詞,ポケモン,アイテム,KNOWN
ピンクカップ,名詞,ポケモン,アイテム,KNOWN
ブルーカップ,名詞,ポケモン,アイテム,KNOWN
イエローカップ,名詞,ポケモン,アイテム,KNOWN
ピカチュウカップ,名詞,ポケモン,アイテム,KNOWN
イーブイカップ,名詞,ポケモン,アイテム,KNOWN
ヤドンカップ,名詞,ポケモン,アイテム,KNOWN
シルバーチタンカップ,名詞,ポケモン,アイテム,KNOWN
バランスボール,名詞,ポケモン,アイテム,KNOWN
きいろチェッククロス,名詞,ポケモン,アイテム,KNOWN
あおチェッククロス,名詞,ポケモン,アイテム,KNOWN
あかチェッククロス,名詞,ポケモン,アイテム,KNOWN
くさむらモノクロス,名詞,ポケモン,アイテム,KNOWN
しょうぶクロス,名詞,ポケモン,アイテム,KNOWN
かいじゅうクロス,名詞,ポケモン,アイテム,KNOWN
ストライプクロス,名詞,ポケモン,アイテム,KNOWN
ダイヤクロス,名詞,ポケモン,アイテム,KNOWN
みずたまクロス,名詞,ポケモン,アイテム,KNOWN
パープルクロス,名詞,ポケモン,アイテム,KNOWN
ミントクロス,名詞,ポケモン,アイテム,KNOWN
ベージュクロス,名詞,ポケモン,アイテム,KNOWN
イエロークロス,名詞,ポケモン,アイテム,KNOWN
ブルークロス,名詞,ポケモン,アイテム,KNOWN
ピンククロス,名詞,ポケモン,アイテム,KNOWN
ゴールドチタンボトル,名詞,ポケモン,アイテム,KNOWN
ブロンズチタンボトル,名詞,ポケモン,アイテム,KNOWN
ゴールドチタンカップ,名詞,ポケモン,アイテム,KNOWN
ブロンズチタンカップ,名詞,ポケモン,アイテム,KNOWN
みどりボールピック,名詞,ポケモン,アイテム,KNOWN
あかボールピック,名詞,ポケモン,アイテム,KNOWN
おいわいはなびピック,名詞,ポケモン,アイテム,KNOWN
ゆうしゃのけんピック,名詞,ポケモン,アイテム,KNOWN
マジカルスターピック,名詞,ポケモン,アイテム,KNOWN
マジカルハートピック,名詞,ポケモン,アイテム,KNOWN
パラソルピック,名詞,ポケモン,アイテム,KNOWN
あおぞらおはなピック,名詞,ポケモン,アイテム,KNOWN
ゆうやけおはなピック,名詞,ポケモン,アイテム,KNOWN
あさやけおはなピック,名詞,ポケモン,アイテム,KNOWN
ブループレート,名詞,ポケモン,アイテム,KNOWN
グリーンプレート,名詞,ポケモン,アイテム,KNOWN
オレンジプレート,名詞,ポケモン,アイテム,KNOWN
レッドプレート,名詞,ポケモン,アイテム,KNOWN
ホワイトプレート,名詞,ポケモン,アイテム,KNOWN
イエロープレート,名詞,ポケモン,アイテム,KNOWN
ロトりぼう,名詞,ポケモン,アイテム,KNOWN
おしゃれカードみどり,名詞,ポケモン,アイテム,KNOWN
みどりのめん,名詞,ポケモン,アイテム,KNOWN
きらめくおまもり,名詞,ポケモン,アイテム,KNOWN
けっしょうのかけら,名詞,ポケモン,アイテム,KNOWN
ようせいのハネ,名詞,ポケモン,アイテム,KNOWN
いどのめん,名詞,ポケモン,アイテム,KNOWN
かまどのめん,名詞,ポケモン,アイテム,KNOWN
いしずえのめん,名詞,ポケモン,アイテム,KNOWN
みついりりんご,名詞,ポケモン,アイテム,KNOWN
ボンサクのちゃわん,名詞,ポケモン,アイテム,KNOWN
ケッサクのちゃわん,名詞,ポケモン,アイテム,KNOWN
たいりょくのもち,名詞,ポケモン,アイテム,KNOWN
きんりょくのもち,名詞,ポケモン,アイテム,KNOWN
ていこうのもち,名詞,ポケモン,アイテム,KNOWN
ちりょくのもち,名詞,ポケモン,アイテム,KNOWN
せいしんのもち,名詞,ポケモン,アイテム,KNOWN
しゅんぱつのもち,名詞,ポケモン,アイテム,KNOWN
まっさらもち,名詞,ポケモン,アイテム,KNOWN
アーボのきば,名詞,ポケモン,アイテム,KNOWN
サンドのツメ,名詞,ポケモン,アイテム,KNOWN
ピィのけ,名詞,ポケモン,アイテム,KNOWN
ロコンのけ,名詞,ポケモン,アイテム,KNOWN
ニョロモのめんえき,名詞,ポケモン,アイテム,KNOWN
マダツボミのツル,名詞,ポケモン,アイテム,KNOWN
イシツブテのかけら,名詞,ポケモン,アイテム,KNOWN
ドガースのガス,名詞,ポケモン,アイテム,KNOWN
ゴンベのキバ,名詞,ポケモン,アイテム,KNOWN
オタチのけ,名詞,ポケモン,アイテム,KNOWN
ホーホーのはね,名詞,ポケモン,アイテム,KNOWN
イトマルのいと,名詞,ポケモン,アイテム,KNOWN
エイパムのけ,名詞,ポケモン,アイテム,KNOWN
ヤンヤンマのトゲ,名詞,ポケモン,アイテム,KNOWN
グライガーのキバ,名詞,ポケモン,アイテム,KNOWN
マグマッグのようがん,名詞,ポケモン,アイテム,KNOWN
ウリムーのけ,名詞,ポケモン,アイテム,KNOWN
ポチエナのキバ,名詞,ポケモン,アイテム,KNOWN
ハスボーのはっぱ,名詞,ポケモン,アイテム,KNOWN
タネボーのえだ,名詞,ポケモン,アイテム,KNOWN
ノズパスのかけら,名詞,ポケモン,アイテム,KNOWN
バルビートのしる,名詞,ポケモン,アイテム,KNOWN
イルミーゼのしる,名詞,ポケモン,アイテム,KNOWN
ヘイガニのから,名詞,ポケモン,アイテム,KNOWN
ヒンバスのうろこ,名詞,ポケモン,アイテム,KNOWN
ヨマワルのかけら,名詞,ポケモン,アイテム,KNOWN
リーシャンのかけら,名詞,ポケモン,アイテム,KNOWN
ドッコラーのあせ,名詞,ポケモン,アイテム,KNOWN
クルミルのはっぱ,名詞,ポケモン,アイテム,KNOWN
コアルヒーのはね,名詞,ポケモン,アイテム,KNOWN
ヒトモシのすす,名詞,ポケモン,アイテム,KNOWN
コジョフーのツメ,名詞,ポケモン,アイテム,KNOWN
バルチャイのはね,名詞,ポケモン,アイテム,KNOWN
メレシーのほうせき,名詞,ポケモン,アイテム,KNOWN
ボクレーのえだ,名詞,ポケモン,アイテム,KNOWN
アゴジムシのいと,名詞,ポケモン,アイテム,KNOWN
アブリーのこな,名詞,ポケモン,アイテム,KNOWN
ジャラコのウロコ,名詞,ポケモン,アイテム,KNOWN
ウッウのうもう,名詞,ポケモン,アイテム,KNOWN
モルペコのたね,名詞,ポケモン,アイテム,KNOWN
チャデスのこな,名詞,ポケモン,アイテム,KNOWN