basic_form,pos,pos_detail_1,pos_detail_2,word_type
フシギダネ,名詞,ポケモン,ポケモンの名前,KNOWN
フシギソウ,名詞,ポケモン,ポケモンの名前,KNOWN
フシギバナ,名詞,ポケモン,ポケモンの名前,KNOWN
メガフシギバナ,名詞,ポケモン,ポケモンの名前,KNOWN
ヒトカゲ,名詞,ポケモン,ポケモンの名前,KNOWN
リザード,名詞,ポケモン,ポケモンの名前,KNOWN
リザードン,名詞,ポケモン,ポケモンの名前,KNOWN
メガリザードンエックス,名詞,ポケモン,ポケモンの名前,KNOWN
メガリザードンワイ,名詞,ポケモン,ポケモンの名前,KNOWN
ゼニガメ,名詞,ポケモン,ポケモンの名前,KNOWN
カメール,名詞,ポケモン,ポケモンの名前,KNOWN
カメックス,名詞,ポケモン,ポケモンの名前,KNOWN
メガカメックス,名詞,ポケモン,ポケモンの名前,KNOWN
キャタピー,名詞,ポケモン,ポケモンの名前,KNOWN
トランセル,名詞,ポケモン,ポケモンの名前,KNOWN
バタフリー,名詞,ポケモン,ポケモンの名前,KNOWN
ビードル,名詞,ポケモン,ポケモンの名前,KNOWN
コクーン,名詞,ポケモン,ポケモンの名前,KNOWN
スピアー,名詞,ポケモン,ポケモンの名前,KNOWN
メガスピアー,名詞,ポケモン,ポケモンの名前,KNOWN
ポッポ,名詞,ポケモン,ポケモンの名前,KNOWN
ピジョン,名詞,ポケモン,ポケモンの名前,KNOWN
ピジョット,名詞,ポケモン,ポケモンの名前,KNOWN
メガピジョット,名詞,ポケモン,ポケモンの名前,KNOWN
コラッタ,名詞,ポケモン,ポケモンの名前,KNOWN
ラッタ,名詞,ポケモン,ポケモンの名前,KNOWN
オニスズメ,名詞,ポケモン,ポケモンの名前,KNOWN
オニドリル,名詞,ポケモン,ポケモンの名前,KNOWN
アーボ,名詞,ポケモン,ポケモンの名前,KNOWN
アーボック,名詞,ポケモン,ポケモンの名前,KNOWN
ピカチュウ,名詞,ポケモン,ポケモンの名前,KNOWN
ライチュウ,名詞,ポケモン,ポケモンの名前,KNOWN
メガライチュウエックス,名詞,ポケモン,ポケモンの名前,KNOWN
メガライチュウワイ,名詞,ポケモン,ポケモンの名前,KNOWN
サンド,名詞,ポケモン,ポケモンの名前,KNOWN
サンドパン,名詞,ポケモン,ポケモンの名前,KNOWN
ニドラン♀,名詞,ポケモン,ポケモンの名前,KNOWN
ニドリーナ,名詞,ポケモン,ポケモンの名前,KNOWN
ニドクイン,名詞,ポケモン,ポケモンの名前,KNOWN
ニドラン♂,名詞,ポケモン,ポケモンの名前,KNOWN
ニドリーノ,名詞,ポケモン,ポケモンの名前,KNOWN
ニドキング,名詞,ポケモン,ポケモンの名前,KNOWN
ピッピ,名詞,ポケモン,ポケモンの名前,KNOWN
ピクシー,名詞,ポケモン,ポケモンの名前,KNOWN
ロコン,名詞,ポケモン,ポケモンの名前,KNOWN
ロコン,名詞,ポケモン,ポケモンの名前,KNOWN
キュウコン,名詞,ポケモン,ポケモンの名前,KNOWN
キュウコン,名詞,ポケモン,ポケモンの名前,KNOWN
プリン,名詞,ポケモン,ポケモンの名前,KNOWN
プクリン,名詞,ポケモン,ポケモンの名前,KNOWN
ズバット,名詞,ポケモン,ポケモンの名前,KNOWN
ゴルバット,名詞,ポケモン,ポケモンの名前,KNOWN
ナゾノクサ,名詞,ポケモン,ポケモンの名前,KNOWN
クサイハナ,名詞,ポケモン,ポケモンの名前,KNOWN
ラフレシア,名詞,ポケモン,ポケモンの名前,KNOWN
パラス,名詞,ポケモン,ポケモンの名前,KNOWN
パラセクト,名詞,ポケモン,ポケモンの名前,KNOWN
コンパン,名詞,ポケモン,ポケモンの名前,KNOWN
モルフォン,名詞,ポケモン,ポケモンの名前,KNOWN
ディグダ,名詞,ポケモン,ポケモンの名前,KNOWN
ディグダ,名詞,ポケモン,ポケモンの名前,KNOWN
ダグトリオ,名詞,ポケモン,ポケモンの名前,KNOWN
ダグトリオ,名詞,ポケモン,ポケモンの名前,KNOWN
ニャース,名詞,ポケモン,ポケモンの名前,KNOWN
ニャース,名詞,ポケモン,ポケモンの名前,KNOWN
ニャース,名詞,ポケモン,ポケモンの名前,KNOWN
ペルシアン,名詞,ポケモン,ポケモンの名前,KNOWN
ペルシアン,名詞,ポケモン,ポケモンの名前,KNOWN
コダック,名詞,ポケモン,ポケモンの名前,KNOWN
ゴルダック,名詞,ポケモン,ポケモンの名前,KNOWN
マンキー,名詞,ポケモン,ポケモンの名前,KNOWN
オコリザル,名詞,ポケモン,ポケモンの名前,KNOWN
ガーディ,名詞,ポケモン,ポケモンの名前,KNOWN
ガーディ,名詞,ポケモン,ポケモンの名前,KNOWN
ウインディ,名詞,ポケモン,ポケモンの名前,KNOWN
ウインディ,名詞,ポケモン,ポケモンの名前,KNOWN
ニョロモ,名詞,ポケモン,ポケモンの名前,KNOWN
ニョロゾ,名詞,ポケモン,ポケモンの名前,KNOWN
ニョロボン,名詞,ポケモン,ポケモンの名前,KNOWN
ケーシィ,名詞,ポケモン,ポケモンの名前,KNOWN
ユンゲラー,名詞,ポケモン,ポケモンの名前,KNOWN
フーディン,名詞,ポケモン,ポケモンの名前,KNOWN
メガフーディン,名詞,ポケモン,ポケモンの名前,KNOWN
ワンリキー,名詞,ポケモン,ポケモンの名前,KNOWN
ゴーリキー,名詞,ポケモン,ポケモンの名前,KNOWN
カイリキー,名詞,ポケモン,ポケモンの名前,KNOWN
マダツボミ,名詞,ポケモン,ポケモンの名前,KNOWN
ウツドン,名詞,ポケモン,ポケモンの名前,KNOWN
ウツボット,名詞,ポケモン,ポケモンの名前,KNOWN
メノクラゲ,名詞,ポケモン,ポケモンの名前,KNOWN
ドククラゲ,名詞,ポケモン,ポケモンの名前,KNOWN
イシツブテ,名詞,ポケモン,ポケモンの名前,KNOWN
イシツブテ,名詞,ポケモン,ポケモンの名前,KNOWN
ゴローン,名詞,ポケモン,ポケモンの名前,KNOWN
ゴローン,名詞,ポケモン,ポケモンの名前,KNOWN
ゴローニャ,名詞,ポケモン,ポケモンの名前,KNOWN
ゴローニャ,名詞,ポケモン,ポケモンの名前,KNOWN
ポニータ,名詞,ポケモン,ポケモンの名前,KNOWN
ポニータ,名詞,ポケモン,ポケモンの名前,KNOWN
ギャロップ,名詞,ポケモン,ポケモンの名前,KNOWN
ギャロップ,名詞,ポケモン,ポケモンの名前,KNOWN
ヤドン,名詞,ポケモン,ポケモンの名前,KNOWN
ヤドン,名詞,ポケモン,ポケモンの名前,KNOWN
ヤドラン,名詞,ポケモン,ポケモンの名前,KNOWN
メガヤドラン,名詞,ポケモン,ポケモンの名前,KNOWN
ヤドラン,名詞,ポケモン,ポケモンの名前,KNOWN
コイル,名詞,ポケモン,ポケモンの名前,KNOWN
レアコイル,名詞,ポケモン,ポケモンの名前,KNOWN
カモネギ,名詞,ポケモン,ポケモンの名前,KNOWN
カモネギ,名詞,ポケモン,ポケモンの名前,KNOWN
ドードー,名詞,ポケモン,ポケモンの名前,KNOWN
ドードリオ,名詞,ポケモン,ポケモンの名前,KNOWN
パウワウ,名詞,ポケモン,ポケモンの名前,KNOWN
ジュゴン,名詞,ポケモン,ポケモンの名前,KNOWN
ベトベター,名詞,ポケモン,ポケモンの名前,KNOWN
ベトベター,名詞,ポケモン,ポケモンの名前,KNOWN
ベトベトン,名詞,ポケモン,ポケモンの名前,KNOWN
ベトベトン,名詞,ポケモン,ポケモンの名前,KNOWN
シェルダー,名詞,ポケモン,ポケモンの名前,KNOWN
パルシェン,名詞,ポケモン,ポケモンの名前,KNOWN
ゴース,名詞,ポケモン,ポケモンの名前,KNOWN
ゴースト,名詞,ポケモン,ポケモンの名前,KNOWN
ゲンガー,名詞,ポケモン,ポケモンの名前,KNOWN
メガゲンガー,名詞,ポケモン,ポケモンの名前,KNOWN
イワーク,名詞,ポケモン,ポケモンの名前,KNOWN
スリープ,名詞,ポケモン,ポケモンの名前,KNOWN
スリーパー,名詞,ポケモン,ポケモンの名前,KNOWN
クラブ,名詞,ポケモン,ポケモンの名前,KNOWN
キングラー,名詞,ポケモン,ポケモンの名前,KNOWN
ビリリダマ,名詞,ポケモン,ポケモンの名前,KNOWN
ビリリダマ,名詞,ポケモン,ポケモンの名前,KNOWN
マルマイン,名詞,ポケモン,ポケモンの名前,KNOWN
マルマイン,名詞,ポケモン,ポケモンの名前,KNOWN
タマタマ,名詞,ポケモン,ポケモンの名前,KNOWN
ナッシー,名詞,ポケモン,ポケモンの名前,KNOWN
ナッシー,名詞,ポケモン,ポケモンの名前,KNOWN
カラカラ,名詞,ポケモン,ポケモンの名前,KNOWN
ガラガラ,名詞,ポケモン,ポケモンの名前,KNOWN
ガラガラ,名詞,ポケモン,ポケモンの名前,KNOWN
サワムラー,名詞,ポケモン,ポケモンの名前,KNOWN
エビワラー,名詞,ポケモン,ポケモンの名前,KNOWN
ベロリンガ,名詞,ポケモン,ポケモンの名前,KNOWN
ドガース,名詞,ポケモン,ポケモンの名前,KNOWN
マタドガス,名詞,ポケモン,ポケモンの名前,KNOWN
マタドガス,名詞,ポケモン,ポケモンの名前,KNOWN
サイホーン,名詞,ポケモン,ポケモンの名前,KNOWN
サイドン,名詞,ポケモン,ポケモンの名前,KNOWN
ラッキー,名詞,ポケモン,ポケモンの名前,KNOWN
モンジャラ,名詞,ポケモン,ポケモンの名前,KNOWN
ガルーラ,名詞,ポケモン,ポケモンの名前,KNOWN
メガガルーラ,名詞,ポケモン,ポケモンの名前,KNOWN
タッツー,名詞,ポケモン,ポケモンの名前,KNOWN
シードラ,名詞,ポケモン,ポケモンの名前,KNOWN
トサキント,名詞,ポケモン,ポケモンの名前,KNOWN
アズマオウ,名詞,ポケモン,ポケモンの名前,KNOWN
ヒトデマン,名詞,ポケモン,ポケモンの名前,KNOWN
スターミー,名詞,ポケモン,ポケモンの名前,KNOWN
バリヤード,名詞,ポケモン,ポケモンの名前,KNOWN
バリヤード,名詞,ポケモン,ポケモンの名前,KNOWN
ストライク,名詞,ポケモン,ポケモンの名前,KNOWN
ルージュラ,名詞,ポケモン,ポケモンの名前,KNOWN
エレブー,名詞,ポケモン,ポケモンの名前,KNOWN
ブーバー,名詞,ポケモン,ポケモンの名前,KNOWN
カイロス,名詞,ポケモン,ポケモンの名前,KNOWN
メガカイロス,名詞,ポケモン,ポケモンの名前,KNOWN
ケンタロス,名詞,ポケモン,ポケモンの名前,KNOWN
ケンタロス,名詞,ポケモン,ポケモンの名前,KNOWN
ケンタロス,名詞,ポケモン,ポケモンの名前,KNOWN
ケンタロス,名詞,ポケモン,ポケモンの名前,KNOWN
コイキング,名詞,ポケモン,ポケモンの名前,KNOWN
ギャラドス,名詞,ポケモン,ポケモンの名前,KNOWN
メガギャラドス,名詞,ポケモン,ポケモンの名前,KNOWN
ラプラス,名詞,ポケモン,ポケモンの名前,KNOWN
メタモン,名詞,ポケモン,ポケモンの名前,KNOWN
イーブイ,名詞,ポケモン,ポケモンの名前,KNOWN
シャワーズ,名詞,ポケモン,ポケモンの名前,KNOWN
サンダース,名詞,ポケモン,ポケモンの名前,KNOWN
ブースター,名詞,ポケモン,ポケモンの名前,KNOWN
ポリゴン,名詞,ポケモン,ポケモンの名前,KNOWN
オムナイト,名詞,ポケモン,ポケモンの名前,KNOWN
オムスター,名詞,ポケモン,ポケモンの名前,KNOWN
カブト,名詞,ポケモン,ポケモンの名前,KNOWN
カブトプス,名詞,ポケモン,ポケモンの名前,KNOWN
プテラ,名詞,ポケモン,ポケモンの名前,KNOWN
メガプテラ,名詞,ポケモン,ポケモンの名前,KNOWN
カビゴン,名詞,ポケモン,ポケモンの名前,KNOWN
フリーザー,名詞,ポケモン,ポケモンの名前,KNOWN
フリーザー,名詞,ポケモン,ポケモンの名前,KNOWN
サンダー,名詞,ポケモン,ポケモンの名前,KNOWN
サンダー,名詞,ポケモン,ポケモンの名前,KNOWN
ファイヤー,名詞,ポケモン,ポケモンの名前,KNOWN
ファイヤー,名詞,ポケモン,ポケモンの名前,KNOWN
ミニリュウ,名詞,ポケモン,ポケモンの名前,KNOWN
ハクリュー,名詞,ポケモン,ポケモンの名前,KNOWN
カイリュー,名詞,ポケモン,ポケモンの名前,KNOWN
ミュウツー,名詞,ポケモン,ポケモンの名前,KNOWN
メガミュウツーX,名詞,ポケモン,ポケモンの名前,KNOWN
メガミュウツーY,名詞,ポケモン,ポケモンの名前,KNOWN
ミュウ,名詞,ポケモン,ポケモンの名前,KNOWN
チコリータ,名詞,ポケモン,ポケモンの名前,KNOWN
ベイリーフ,名詞,ポケモン,ポケモンの名前,KNOWN
メガニウム,名詞,ポケモン,ポケモンの名前,KNOWN
ヒノアラシ,名詞,ポケモン,ポケモンの名前,KNOWN
マグマラシ,名詞,ポケモン,ポケモンの名前,KNOWN
バクフーン,名詞,ポケモン,ポケモンの名前,KNOWN
バクフーン,名詞,ポケモン,ポケモンの名前,KNOWN
ワニノコ,名詞,ポケモン,ポケモンの名前,KNOWN
アリゲイツ,名詞,ポケモン,ポケモンの名前,KNOWN
オーダイル,名詞,ポケモン,ポケモンの名前,KNOWN
オタチ,名詞,ポケモン,ポケモンの名前,KNOWN
オオタチ,名詞,ポケモン,ポケモンの名前,KNOWN
ホーホー,名詞,ポケモン,ポケモンの名前,KNOWN
ヨルノズク,名詞,ポケモン,ポケモンの名前,KNOWN
レディバ,名詞,ポケモン,ポケモンの名前,KNOWN
レディアン,名詞,ポケモン,ポケモンの名前,KNOWN
イトマル,名詞,ポケモン,ポケモンの名前,KNOWN
アリアドス,名詞,ポケモン,ポケモンの名前,KNOWN
クロバット,名詞,ポケモン,ポケモンの名前,KNOWN
チョンチー,名詞,ポケモン,ポケモンの名前,KNOWN
ランターン,名詞,ポケモン,ポケモンの名前,KNOWN
ピチュー,名詞,ポケモン,ポケモンの名前,KNOWN
ピィ,名詞,ポケモン,ポケモンの名前,KNOWN
ププリン,名詞,ポケモン,ポケモンの名前,KNOWN
トゲピー,名詞,ポケモン,ポケモンの名前,KNOWN
トゲチック,名詞,ポケモン,ポケモンの名前,KNOWN
ネイティ,名詞,ポケモン,ポケモンの名前,KNOWN
ネイティオ,名詞,ポケモン,ポケモンの名前,KNOWN
メリープ,名詞,ポケモン,ポケモンの名前,KNOWN
モココ,名詞,ポケモン,ポケモンの名前,KNOWN
デンリュウ,名詞,ポケモン,ポケモンの名前,KNOWN
メガデンリュウ,名詞,ポケモン,ポケモンの名前,KNOWN
キレイハナ,名詞,ポケモン,ポケモンの名前,KNOWN
マリル,名詞,ポケモン,ポケモンの名前,KNOWN
マリルリ,名詞,ポケモン,ポケモンの名前,KNOWN
ウソッキー,名詞,ポケモン,ポケモンの名前,KNOWN
ニョロトノ,名詞,ポケモン,ポケモンの名前,KNOWN
ハネッコ,名詞,ポケモン,ポケモンの名前,KNOWN
ポポッコ,名詞,ポケモン,ポケモンの名前,KNOWN
ワタッコ,名詞,ポケモン,ポケモンの名前,KNOWN
エイパム,名詞,ポケモン,ポケモンの名前,KNOWN
ヒマナッツ,名詞,ポケモン,ポケモンの名前,KNOWN
キマワリ,名詞,ポケモン,ポケモンの名前,KNOWN
ヤンヤンマ,名詞,ポケモン,ポケモンの名前,KNOWN
ウパー,名詞,ポケモン,ポケモンの名前,KNOWN
ウパー,名詞,ポケモン,ポケモンの名前,KNOWN
ヌオー,名詞,ポケモン,ポケモンの名前,KNOWN
エーフィ,名詞,ポケモン,ポケモンの名前,KNOWN
ブラッキー,名詞,ポケモン,ポケモンの名前,KNOWN
ヤミカラス,名詞,ポケモン,ポケモンの名前,KNOWN
ヤドキング,名詞,ポケモン,ポケモンの名前,KNOWN
ヤドキング,名詞,ポケモン,ポケモンの名前,KNOWN
ムウマ,名詞,ポケモン,ポケモンの名前,KNOWN
アンノーン,名詞,ポケモン,ポケモンの名前,KNOWN
ソーナンス,名詞,ポケモン,ポケモンの名前,KNOWN
キリンリキ,名詞,ポケモン,ポケモンの名前,KNOWN
クヌギダマ,名詞,ポケモン,ポケモンの名前,KNOWN
フォレトス,名詞,ポケモン,ポケモンの名前,KNOWN
ノコッチ,名詞,ポケモン,ポケモンの名前,KNOWN
グライガー,名詞,ポケモン,ポケモンの名前,KNOWN
ハガネール,名詞,ポケモン,ポケモンの名前,KNOWN
メガハガネール,名詞,ポケモン,ポケモンの名前,KNOWN
ブルー,名詞,ポケモン,ポケモンの名前,KNOWN
グランブル,名詞,ポケモン,ポケモンの名前,KNOWN
ハリーセン,名詞,ポケモン,ポケモンの名前,KNOWN
ハリーセン,名詞,ポケモン,ポケモンの名前,KNOWN
ハッサム,名詞,ポケモン,ポケモンの名前,KNOWN
メガハッサム,名詞,ポケモン,ポケモンの名前,KNOWN
ツボツボ,名詞,ポケモン,ポケモンの名前,KNOWN
ヘラクロス,名詞,ポケモン,ポケモンの名前,KNOWN
メガヘラクロス,名詞,ポケモン,ポケモンの名前,KNOWN
ニューラ,名詞,ポケモン,ポケモンの名前,KNOWN
ニューラ,名詞,ポケモン,ポケモンの名前,KNOWN
ヒメグマ,名詞,ポケモン,ポケモンの名前,KNOWN
リングマ,名詞,ポケモン,ポケモンの名前,KNOWN
マグマッグ,名詞,ポケモン,ポケモンの名前,KNOWN
マグカルゴ,名詞,ポケモン,ポケモンの名前,KNOWN
ウリムー,名詞,ポケモン,ポケモンの名前,KNOWN
イノムー,名詞,ポケモン,ポケモンの名前,KNOWN
サニーゴ,名詞,ポケモン,ポケモンの名前,KNOWN
サニーゴ,名詞,ポケモン,ポケモンの名前,KNOWN
テッポウオ,名詞,ポケモン,ポケモンの名前,KNOWN
オクタン,名詞,ポケモン,ポケモンの名前,KNOWN
デリバード,名詞,ポケモン,ポケモンの名前,KNOWN
マンタイン,名詞,ポケモン,ポケモンの名前,KNOWN
エアームド,名詞,ポケモン,ポケモンの名前,KNOWN
デルビル,名詞,ポケモン,ポケモンの名前,KNOWN
ヘルガー,名詞,ポケモン,ポケモンの名前,KNOWN
メガヘルガー,名詞,ポケモン,ポケモンの名前,KNOWN
キングドラ,名詞,ポケモン,ポケモンの名前,KNOWN
ゴマゾウ,名詞,ポケモン,ポケモンの名前,KNOWN
ドンファン,名詞,ポケモン,ポケモンの名前,KNOWN
ポリゴン2,名詞,ポケモン,ポケモンの名前,KNOWN
オドシシ,名詞,ポケモン,ポケモンの名前,KNOWN
ドーブル,名詞,ポケモン,ポケモンの名前,KNOWN
バルキー,名詞,ポケモン,ポケモンの名前,KNOWN
カポエラー,名詞,ポケモン,ポケモンの名前,KNOWN
ムチュール,名詞,ポケモン,ポケモンの名前,KNOWN
エレキッド,名詞,ポケモン,ポケモンの名前,KNOWN
ブビィ,名詞,ポケモン,ポケモンの名前,KNOWN
ミルタンク,名詞,ポケモン,ポケモンの名前,KNOWN
ハピナス,名詞,ポケモン,ポケモンの名前,KNOWN
ライコウ,名詞,ポケモン,ポケモンの名前,KNOWN
エンテイ,名詞,ポケモン,ポケモンの名前,KNOWN
スイクン,名詞,ポケモン,ポケモンの名前,KNOWN
ヨーギラス,名詞,ポケモン,ポケモンの名前,KNOWN
サナギラス,名詞,ポケモン,ポケモンの名前,KNOWN
バンギラス,名詞,ポケモン,ポケモンの名前,KNOWN
メガバンギラス,名詞,ポケモン,ポケモンの名前,KNOWN
ルギア,名詞,ポケモン,ポケモンの名前,KNOWN
ホウオウ,名詞,ポケモン,ポケモンの名前,KNOWN
セレビィ,名詞,ポケモン,ポケモンの名前,KNOWN
キモリ,名詞,ポケモン,ポケモンの名前,KNOWN
ジュプトル,名詞,ポケモン,ポケモンの名前,KNOWN
ジュカイン,名詞,ポケモン,ポケモンの名前,KNOWN
メガジュカイン,名詞,ポケモン,ポケモンの名前,KNOWN
アチャモ,名詞,ポケモン,ポケモンの名前,KNOWN
ワカシャモ,名詞,ポケモン,ポケモンの名前,KNOWN
バシャーモ,名詞,ポケモン,ポケモンの名前,KNOWN
メガバシャーモ,名詞,ポケモン,ポケモンの名前,KNOWN
ミズゴロウ,名詞,ポケモン,ポケモンの名前,KNOWN
ヌマクロー,名詞,ポケモン,ポケモンの名前,KNOWN
ラグラージ,名詞,ポケモン,ポケモンの名前,KNOWN
メガラグラージ,名詞,ポケモン,ポケモンの名前,KNOWN
ポチエナ,名詞,ポケモン,ポケモンの名前,KNOWN
グラエナ,名詞,ポケモン,ポケモンの名前,KNOWN
ジグザグマ,名詞,ポケモン,ポケモンの名前,KNOWN
ジグザグマ,名詞,ポケモン,ポケモンの名前,KNOWN
マッスグマ,名詞,ポケモン,ポケモンの名前,KNOWN
マッスグマ,名詞,ポケモン,ポケモンの名前,KNOWN
ケムッソ,名詞,ポケモン,ポケモンの名前,KNOWN
カラサリス,名詞,ポケモン,ポケモンの名前,KNOWN
アゲハント,名詞,ポケモン,ポケモンの名前,KNOWN
マユルド,名詞,ポケモン,ポケモンの名前,KNOWN
ドクケイル,名詞,ポケモン,ポケモンの名前,KNOWN
ハスボー,名詞,ポケモン,ポケモンの名前,KNOWN
ハスブレロ,名詞,ポケモン,ポケモンの名前,KNOWN
ルンパッパ,名詞,ポケモン,ポケモンの名前,KNOWN
タネボー,名詞,ポケモン,ポケモンの名前,KNOWN
コノハナ,名詞,ポケモン,ポケモンの名前,KNOWN
ダーテング,名詞,ポケモン,ポケモンの名前,KNOWN
スバメ,名詞,ポケモン,ポケモンの名前,KNOWN
オオスバメ,名詞,ポケモン,ポケモンの名前,KNOWN
キャモメ,名詞,ポケモン,ポケモンの名前,KNOWN
ペリッパー,名詞,ポケモン,ポケモンの名前,KNOWN
ラルトス,名詞,ポケモン,ポケモンの名前,KNOWN
キルリア,名詞,ポケモン,ポケモンの名前,KNOWN
サーナイト,名詞,ポケモン,ポケモンの名前,KNOWN
メガサーナイト,名詞,ポケモン,ポケモンの名前,KNOWN
アメタマ,名詞,ポケモン,ポケモンの名前,KNOWN
アメモース,名詞,ポケモン,ポケモンの名前,KNOWN
キノココ,名詞,ポケモン,ポケモンの名前,KNOWN
キノガッサ,名詞,ポケモン,ポケモンの名前,KNOWN
ナマケロ,名詞,ポケモン,ポケモンの名前,KNOWN
ヤルキモノ,名詞,ポケモン,ポケモンの名前,KNOWN
ケッキング,名詞,ポケモン,ポケモンの名前,KNOWN
ツチニン,名詞,ポケモン,ポケモンの名前,KNOWN
テッカニン,名詞,ポケモン,ポケモンの名前,KNOWN
ヌケニン,名詞,ポケモン,ポケモンの名前,KNOWN
ゴニョニョ,名詞,ポケモン,ポケモンの名前,KNOWN
ドゴーム,名詞,ポケモン,ポケモンの名前,KNOWN
バクオング,名詞,ポケモン,ポケモンの名前,KNOWN
マクノシタ,名詞,ポケモン,ポケモンの名前,KNOWN
ハリテヤマ,名詞,ポケモン,ポケモンの名前,KNOWN
ルリリ,名詞,ポケモン,ポケモンの名前,KNOWN
ノズパス,名詞,ポケモン,ポケモンの名前,KNOWN
エネコ,名詞,ポケモン,ポケモンの名前,KNOWN
エネコロロ,名詞,ポケモン,ポケモンの名前,KNOWN
ヤミラミ,名詞,ポケモン,ポケモンの名前,KNOWN
メガヤミラミ,名詞,ポケモン,ポケモンの名前,KNOWN
クチート,名詞,ポケモン,ポケモンの名前,KNOWN
メガクチート,名詞,ポケモン,ポケモンの名前,KNOWN
ココドラ,名詞,ポケモン,ポケモンの名前,KNOWN
コドラ,名詞,ポケモン,ポケモンの名前,KNOWN
ボスゴドラ,名詞,ポケモン,ポケモンの名前,KNOWN
メガボスゴドラ,名詞,ポケモン,ポケモンの名前,KNOWN
アサナン,名詞,ポケモン,ポケモンの名前,KNOWN
チャーレム,名詞,ポケモン,ポケモンの名前,KNOWN
メガチャーレム,名詞,ポケモン,ポケモンの名前,KNOWN
ラクライ,名詞,ポケモン,ポケモンの名前,KNOWN
ライボルト,名詞,ポケモン,ポケモンの名前,KNOWN
メガライボルト,名詞,ポケモン,ポケモンの名前,KNOWN
プラスル,名詞,ポケモン,ポケモンの名前,KNOWN
マイナン,名詞,ポケモン,ポケモンの名前,KNOWN
バルビート,名詞,ポケモン,ポケモンの名前,KNOWN
イルミーゼ,名詞,ポケモン,ポケモンの名前,KNOWN
ロゼリア,名詞,ポケモン,ポケモンの名前,KNOWN
ゴクリン,名詞,ポケモン,ポケモンの名前,KNOWN
マルノーム,名詞,ポケモン,ポケモンの名前,KNOWN
キバニア,名詞,ポケモン,ポケモンの名前,KNOWN
サメハダー,名詞,ポケモン,ポケモンの名前,KNOWN
メガサメハダー,名詞,ポケモン,ポケモンの名前,KNOWN
ホエルコ,名詞,ポケモン,ポケモンの名前,KNOWN
ホエルオー,名詞,ポケモン,ポケモンの名前,KNOWN
ドンメル,名詞,ポケモン,ポケモンの名前,KNOWN
バクーダ,名詞,ポケモン,ポケモンの名前,KNOWN
メガバクーダ,名詞,ポケモン,ポケモンの名前,KNOWN
コータス,名詞,ポケモン,ポケモンの名前,KNOWN
バネブー,名詞,ポケモン,ポケモンの名前,KNOWN
ブーピッグ,名詞,ポケモン,ポケモンの名前,KNOWN
パッチール,名詞,ポケモン,ポケモンの名前,KNOWN
ナックラー,名詞,ポケモン,ポケモンの名前,KNOWN
ビブラーバ,名詞,ポケモン,ポケモンの名前,KNOWN
フライゴン,名詞,ポケモン,ポケモンの名前,KNOWN
サボネア,名詞,ポケモン,ポケモンの名前,KNOWN
ノクタス,名詞,ポケモン,ポケモンの名前,KNOWN
チルット,名詞,ポケモン,ポケモンの名前,KNOWN
チルタリス,名詞,ポケモン,ポケモンの名前,KNOWN
メガチルタリス,名詞,ポケモン,ポケモンの名前,KNOWN
ザングース,名詞,ポケモン,ポケモンの名前,KNOWN
ハブネーク,名詞,ポケモン,ポケモンの名前,KNOWN
ルナトーン,名詞,ポケモン,ポケモンの名前,KNOWN
ソルロック,名詞,ポケモン,ポケモンの名前,KNOWN
ドジョッチ,名詞,ポケモン,ポケモンの名前,KNOWN
ナマズン,名詞,ポケモン,ポケモンの名前,KNOWN
ヘイガニ,名詞,ポケモン,ポケモンの名前,KNOWN
シザリガー,名詞,ポケモン,ポケモンの名前,KNOWN
ヤジロン,名詞,ポケモン,ポケモンの名前,KNOWN
ネンドール,名詞,ポケモン,ポケモンの名前,KNOWN
リリーラ,名詞,ポケモン,ポケモンの名前,KNOWN
ユレイドル,名詞,ポケモン,ポケモンの名前,KNOWN
アノプス,名詞,ポケモン,ポケモンの名前,KNOWN
アーマルド,名詞,ポケモン,ポケモンの名前,KNOWN
ヒンバス,名詞,ポケモン,ポケモンの名前,KNOWN
ミロカロス,名詞,ポケモン,ポケモンの名前,KNOWN
ポワルン,名詞,ポケモン,ポケモンの名前,KNOWN
カクレオン,名詞,ポケモン,ポケモンの名前,KNOWN
カゲボウズ,名詞,ポケモン,ポケモンの名前,KNOWN
ジュペッタ,名詞,ポケモン,ポケモンの名前,KNOWN
メガジュペッタ,名詞,ポケモン,ポケモンの名前,KNOWN
ヨマワル,名詞,ポケモン,ポケモンの名前,KNOWN
サマヨール,名詞,ポケモン,ポケモンの名前,KNOWN
トロピウス,名詞,ポケモン,ポケモンの名前,KNOWN
チリーン,名詞,ポケモン,ポケモンの名前,KNOWN
アブソル,名詞,ポケモン,ポケモンの名前,KNOWN
メガアブソル,名詞,ポケモン,ポケモンの名前,KNOWN
ソーナノ,名詞,ポケモン,ポケモンの名前,KNOWN
ユキワラシ,名詞,ポケモン,ポケモンの名前,KNOWN
オニゴーリ,名詞,ポケモン,ポケモンの名前,KNOWN
メガオニゴーリ,名詞,ポケモン,ポケモンの名前,KNOWN
タマザラシ,名詞,ポケモン,ポケモンの名前,KNOWN
トドグラー,名詞,ポケモン,ポケモンの名前,KNOWN
トドゼルガ,名詞,ポケモン,ポケモンの名前,KNOWN
パールル,名詞,ポケモン,ポケモンの名前,KNOWN
ハンテール,名詞,ポケモン,ポケモンの名前,KNOWN
サクラビス,名詞,ポケモン,ポケモンの名前,KNOWN
ジーランス,名詞,ポケモン,ポケモンの名前,KNOWN
ラブカス,名詞,ポケモン,ポケモンの名前,KNOWN
タツベイ,名詞,ポケモン,ポケモンの名前,KNOWN
コモルー,名詞,ポケモン,ポケモンの名前,KNOWN
ボーマンダ,名詞,ポケモン,ポケモンの名前,KNOWN
メガボーマンダ,名詞,ポケモン,ポケモンの名前,KNOWN
ダンバル,名詞,ポケモン,ポケモンの名前,KNOWN
メタング,名詞,ポケモン,ポケモンの名前,KNOWN
メタグロス,名詞,ポケモン,ポケモンの名前,KNOWN
メガメタグロス,名詞,ポケモン,ポケモンの名前,KNOWN
レジロック,名詞,ポケモン,ポケモンの名前,KNOWN
レジアイス,名詞,ポケモン,ポケモンの名前,KNOWN
レジスチル,名詞,ポケモン,ポケモンの名前,KNOWN
ラティアス,名詞,ポケモン,ポケモンの名前,KNOWN
メガラティアス,名詞,ポケモン,ポケモンの名前,KNOWN
ラティオス,名詞,ポケモン,ポケモンの名前,KNOWN
メガラティオス,名詞,ポケモン,ポケモンの名前,KNOWN
カイオーガ,名詞,ポケモン,ポケモンの名前,KNOWN
ゲンシカイオーガ,名詞,ポケモン,ポケモンの名前,KNOWN
グラードン,名詞,ポケモン,ポケモンの名前,KNOWN
ゲンシグラードン,名詞,ポケモン,ポケモンの名前,KNOWN
レックウザ,名詞,ポケモン,ポケモンの名前,KNOWN
メガレックウザ,名詞,ポケモン,ポケモンの名前,KNOWN
ジラーチ,名詞,ポケモン,ポケモンの名前,KNOWN
デオキシス,名詞,ポケモン,ポケモンの名前,KNOWN
デオキシス,名詞,ポケモン,ポケモンの名前,KNOWN
デオキシス,名詞,ポケモン,ポケモンの名前,KNOWN
デオキシス,名詞,ポケモン,ポケモンの名前,KNOWN
ナエトル,名詞,ポケモン,ポケモンの名前,KNOWN
ハヤシガメ,名詞,ポケモン,ポケモンの名前,KNOWN
ドダイトス,名詞,ポケモン,ポケモンの名前,KNOWN
ヒコザル,名詞,ポケモン,ポケモンの名前,KNOWN
モウカザル,名詞,ポケモン,ポケモンの名前,KNOWN
ゴウカザル,名詞,ポケモン,ポケモンの名前,KNOWN
ポッチャマ,名詞,ポケモン,ポケモンの名前,KNOWN
ポッタイシ,名詞,ポケモン,ポケモンの名前,KNOWN
エンペルト,名詞,ポケモン,ポケモンの名前,KNOWN
ムックル,名詞,ポケモン,ポケモンの名前,KNOWN
ムクバード,名詞,ポケモン,ポケモンの名前,KNOWN
ムクホーク,名詞,ポケモン,ポケモンの名前,KNOWN
ビッパ,名詞,ポケモン,ポケモンの名前,KNOWN
ビーダル,名詞,ポケモン,ポケモンの名前,KNOWN
コロボーシ,名詞,ポケモン,ポケモンの名前,KNOWN
コロトック,名詞,ポケモン,ポケモンの名前,KNOWN
コリンク,名詞,ポケモン,ポケモンの名前,KNOWN
ルクシオ,名詞,ポケモン,ポケモンの名前,KNOWN
レントラー,名詞,ポケモン,ポケモンの名前,KNOWN
スボミー,名詞,ポケモン,ポケモンの名前,KNOWN
ロズレイド,名詞,ポケモン,ポケモンの名前,KNOWN
ズガイドス,名詞,ポケモン,ポケモンの名前,KNOWN
ラムパルド,名詞,ポケモン,ポケモンの名前,KNOWN
タテトプス,名詞,ポケモン,ポケモンの名前,KNOWN
トリデプス,名詞,ポケモン,ポケモンの名前,KNOWN
ミノムッチ,名詞,ポケモン,ポケモンの名前,KNOWN
ミノマダム,名詞,ポケモン,ポケモンの名前,KNOWN
ミノマダム,名詞,ポケモン,ポケモンの名前,KNOWN
ミノマダム,名詞,ポケモン,ポケモンの名前,KNOWN
ガーメイル,名詞,ポケモン,ポケモンの名前,KNOWN
ミツハニー,名詞,ポケモン,ポケモンの名前,KNOWN
ビークイン,名詞,ポケモン,ポケモンの名前,KNOWN
パチリス,名詞,ポケモン,ポケモンの名前,KNOWN
ブイゼル,名詞,ポケモン,ポケモンの名前,KNOWN
フローゼル,名詞,ポケモン,ポケモンの名前,KNOWN
チェリンボ,名詞,ポケモン,ポケモンの名前,KNOWN
チェリム,名詞,ポケモン,ポケモンの名前,KNOWN
カラナクシ,名詞,ポケモン,ポケモンの名前,KNOWN
トリトドン,名詞,ポケモン,ポケモンの名前,KNOWN
エテボース,名詞,ポケモン,ポケモンの名前,KNOWN
フワンテ,名詞,ポケモン,ポケモンの名前,KNOWN
フワライド,名詞,ポケモン,ポケモンの名前,KNOWN
ミミロル,名詞,ポケモン,ポケモンの名前,KNOWN
ミミロップ,名詞,ポケモン,ポケモンの名前,KNOWN
メガミミロップ,名詞,ポケモン,ポケモンの名前,KNOWN
ムウマージ,名詞,ポケモン,ポケモンの名前,KNOWN
ドンカラス,名詞,ポケモン,ポケモンの名前,KNOWN
ニャルマー,名詞,ポケモン,ポケモンの名前,KNOWN
ブニャット,名詞,ポケモン,ポケモンの名前,KNOWN
リーシャン,名詞,ポケモン,ポケモンの名前,KNOWN
スカンプー,名詞,ポケモン,ポケモンの名前,KNOWN
スカタンク,名詞,ポケモン,ポケモンの名前,KNOWN
ドーミラー,名詞,ポケモン,ポケモンの名前,KNOWN
ドータクン,名詞,ポケモン,ポケモンの名前,KNOWN
ウソハチ,名詞,ポケモン,ポケモンの名前,KNOWN
マネネ,名詞,ポケモン,ポケモンの名前,KNOWN
ピンプク,名詞,ポケモン,ポケモンの名前,KNOWN
ペラップ,名詞,ポケモン,ポケモンの名前,KNOWN
ミカルゲ,名詞,ポケモン,ポケモンの名前,KNOWN
フカマル,名詞,ポケモン,ポケモンの名前,KNOWN
ガバイト,名詞,ポケモン,ポケモンの名前,KNOWN
ガブリアス,名詞,ポケモン,ポケモンの名前,KNOWN
メガガブリアス,名詞,ポケモン,ポケモンの名前,KNOWN
ゴンベ,名詞,ポケモン,ポケモンの名前,KNOWN
リオル,名詞,ポケモン,ポケモンの名前,KNOWN
ルカリオ,名詞,ポケモン,ポケモンの名前,KNOWN
メガルカリオ,名詞,ポケモン,ポケモンの名前,KNOWN
ヒポポタス,名詞,ポケモン,ポケモンの名前,KNOWN
カバルドン,名詞,ポケモン,ポケモンの名前,KNOWN
スコルピ,名詞,ポケモン,ポケモンの名前,KNOWN
ドラピオン,名詞,ポケモン,ポケモンの名前,KNOWN
グレッグル,名詞,ポケモン,ポケモンの名前,KNOWN
ドクロッグ,名詞,ポケモン,ポケモンの名前,KNOWN
マスキッパ,名詞,ポケモン,ポケモンの名前,KNOWN
ケイコウオ,名詞,ポケモン,ポケモンの名前,KNOWN
ネオラント,名詞,ポケモン,ポケモンの名前,KNOWN
タマンタ,名詞,ポケモン,ポケモンの名前,KNOWN
ユキカブリ,名詞,ポケモン,ポケモンの名前,KNOWN
ユキノオー,名詞,ポケモン,ポケモンの名前,KNOWN
メガユキノオー,名詞,ポケモン,ポケモンの名前,KNOWN
マニューラ,名詞,ポケモン,ポケモンの名前,KNOWN
ジバコイル,名詞,ポケモン,ポケモンの名前,KNOWN
ベロベルト,名詞,ポケモン,ポケモンの名前,KNOWN
ドサイドン,名詞,ポケモン,ポケモンの名前,KNOWN
モジャンボ,名詞,ポケモン,ポケモンの名前,KNOWN
エレキブル,名詞,ポケモン,ポケモンの名前,KNOWN
ブーバーン,名詞,ポケモン,ポケモンの名前,KNOWN
トゲキッス,名詞,ポケモン,ポケモンの名前,KNOWN
メガヤンマ,名詞,ポケモン,ポケモンの名前,KNOWN
リーフィア,名詞,ポケモン,ポケモンの名前,KNOWN
グレイシア,名詞,ポケモン,ポケモンの名前,KNOWN
グライオン,名詞,ポケモン,ポケモンの名前,KNOWN
マンムー,名詞,ポケモン,ポケモンの名前,KNOWN
ポリゴンZ,名詞,ポケモン,ポケモンの名前,KNOWN
エルレイド,名詞,ポケモン,ポケモンの名前,KNOWN
メガエルレイド,名詞,ポケモン,ポケモンの名前,KNOWN
ダイノーズ,名詞,ポケモン,ポケモンの名前,KNOWN
ヨノワール,名詞,ポケモン,ポケモンの名前,KNOWN
ユキメノコ,名詞,ポケモン,ポケモンの名前,KNOWN
ロトム,名詞,ポケモン,ポケモンの名前,KNOWN
ヒートロトム,名詞,ポケモン,ポケモンの名前,KNOWN
ウォッシュロトム,名詞,ポケモン,ポケモンの名前,KNOWN
フロストロトム,名詞,ポケモン,ポケモンの名前,KNOWN
スピンロトム,名詞,ポケモン,ポケモンの名前,KNOWN
カットロトム,名詞,ポケモン,ポケモンの名前,KNOWN
ユクシー,名詞,ポケモン,ポケモンの名前,KNOWN
エムリット,名詞,ポケモン,ポケモンの名前,KNOWN
アグノム,名詞,ポケモン,ポケモンの名前,KNOWN
ディアルガ,名詞,ポケモン,ポケモンの名前,KNOWN
ディアルガ,名詞,ポケモン,ポケモンの名前,KNOWN
パルキア,名詞,ポケモン,ポケモンの名前,KNOWN
パルキア,名詞,ポケモン,ポケモンの名前,KNOWN
ヒードラン,名詞,ポケモン,ポケモンの名前,KNOWN
レジギガス,名詞,ポケモン,ポケモンの名前,KNOWN
ギラティナ,名詞,ポケモン,ポケモンの名前,KNOWN
ギラティナ,名詞,ポケモン,ポケモンの名前,KNOWN
クレセリア,名詞,ポケモン,ポケモンの名前,KNOWN
フィオネ,名詞,ポケモン,ポケモンの名前,KNOWN
マナフィ,名詞,ポケモン,ポケモンの名前,KNOWN
ダークライ,名詞,ポケモン,ポケモンの名前,KNOWN
シェイミ,名詞,ポケモン,ポケモンの名前,KNOWN
シェイミ,名詞,ポケモン,ポケモンの名前,KNOWN
アルセウス,名詞,ポケモン,ポケモンの名前,KNOWN
ビクティニ,名詞,ポケモン,ポケモンの名前,KNOWN
ツタージャ,名詞,ポケモン,ポケモンの名前,KNOWN
ジャノビー,名詞,ポケモン,ポケモンの名前,KNOWN
ジャローダ,名詞,ポケモン,ポケモンの名前,KNOWN
ポカブ,名詞,ポケモン,ポケモンの名前,KNOWN
チャオブー,名詞,ポケモン,ポケモンの名前,KNOWN
エンブオー,名詞,ポケモン,ポケモンの名前,KNOWN
ミジュマル,名詞,ポケモン,ポケモンの名前,KNOWN
フタチマル,名詞,ポケモン,ポケモンの名前,KNOWN
ダイケンキ,名詞,ポケモン,ポケモンの名前,KNOWN
ダイケンキ,名詞,ポケモン,ポケモンの名前,KNOWN
ミネズミ,名詞,ポケモン,ポケモンの名前,KNOWN
ミルホッグ,名詞,ポケモン,ポケモンの名前,KNOWN
ヨーテリー,名詞,ポケモン,ポケモンの名前,KNOWN
ハーデリア,名詞,ポケモン,ポケモンの名前,KNOWN
ムーランド,名詞,ポケモン,ポケモンの名前,KNOWN
チョロネコ,名詞,ポケモン,ポケモンの名前,KNOWN
レパルダス,名詞,ポケモン,ポケモンの名前,KNOWN
ヤナップ,名詞,ポケモン,ポケモンの名前,KNOWN
ヤナッキー,名詞,ポケモン,ポケモンの名前,KNOWN
バオップ,名詞,ポケモン,ポケモンの名前,KNOWN
バオッキー,名詞,ポケモン,ポケモンの名前,KNOWN
ヒヤップ,名詞,ポケモン,ポケモンの名前,KNOWN
ヒヤッキー,名詞,ポケモン,ポケモンの名前,KNOWN
ムンナ,名詞,ポケモン,ポケモンの名前,KNOWN
ムシャーナ,名詞,ポケモン,ポケモンの名前,KNOWN
マメパト,名詞,ポケモン,ポケモンの名前,KNOWN
ハトーボー,名詞,ポケモン,ポケモンの名前,KNOWN
ケンホロウ,名詞,ポケモン,ポケモンの名前,KNOWN
シママ,名詞,ポケモン,ポケモンの名前,KNOWN
ゼブライカ,名詞,ポケモン,ポケモンの名前,KNOWN
ダンゴロ,名詞,ポケモン,ポケモンの名前,KNOWN
ガントル,名詞,ポケモン,ポケモンの名前,KNOWN
ギガイアス,名詞,ポケモン,ポケモンの名前,KNOWN
コロモリ,名詞,ポケモン,ポケモンの名前,KNOWN
ココロモリ,名詞,ポケモン,ポケモンの名前,KNOWN
モグリュー,名詞,ポケモン,ポケモンの名前,KNOWN
ドリュウズ,名詞,ポケモン,ポケモンの名前,KNOWN
タブンネ,名詞,ポケモン,ポケモンの名前,KNOWN
メガタブンネ,名詞,ポケモン,ポケモンの名前,KNOWN
ドッコラー,名詞,ポケモン,ポケモンの名前,KNOWN
ドテッコツ,名詞,ポケモン,ポケモンの名前,KNOWN
ローブシン,名詞,ポケモン,ポケモンの名前,KNOWN
オタマロ,名詞,ポケモン,ポケモンの名前,KNOWN
ガマガル,名詞,ポケモン,ポケモンの名前,KNOWN
ガマゲロゲ,名詞,ポケモン,ポケモンの名前,KNOWN
ナゲキ,名詞,ポケモン,ポケモンの名前,KNOWN
ダゲキ,名詞,ポケモン,ポケモンの名前,KNOWN
クルミル,名詞,ポケモン,ポケモンの名前,KNOWN
クルマユ,名詞,ポケモン,ポケモンの名前,KNOWN
ハハコモリ,名詞,ポケモン,ポケモンの名前,KNOWN
フシデ,名詞,ポケモン,ポケモンの名前,KNOWN
ホイーガ,名詞,ポケモン,ポケモンの名前,KNOWN
ペンドラー,名詞,ポケモン,ポケモンの名前,KNOWN
モンメン,名詞,ポケモン,ポケモンの名前,KNOWN
エルフーン,名詞,ポケモン,ポケモンの名前,KNOWN
チュリネ,名詞,ポケモン,ポケモンの名前,KNOWN
ドレディア,名詞,ポケモン,ポケモンの名前,KNOWN
ドレディア,名詞,ポケモン,ポケモンの名前,KNOWN
バスラオ,名詞,ポケモン,ポケモンの名前,KNOWN
バスラオ,名詞,ポケモン,ポケモンの名前,KNOWN
バスラオ,名詞,ポケモン,ポケモンの名前,KNOWN
メグロコ,名詞,ポケモン,ポケモンの名前,KNOWN
ワルビル,名詞,ポケモン,ポケモンの名前,KNOWN
ワルビアル,名詞,ポケモン,ポケモンの名前,KNOWN
ダルマッカ,名詞,ポケモン,ポケモンの名前,KNOWN
ダルマッカ,名詞,ポケモン,ポケモンの名前,KNOWN
ヒヒダルマ,名詞,ポケモン,ポケモンの名前,KNOWN
ヒヒダルマ,名詞,ポケモン,ポケモンの名前,KNOWN
ヒヒダルマ,名詞,ポケモン,ポケモンの名前,KNOWN
ヒヒダルマ,名詞,ポケモン,ポケモンの名前,KNOWN
マラカッチ,名詞,ポケモン,ポケモンの名前,KNOWN
イシズマイ,名詞,ポケモン,ポケモンの名前,KNOWN
イワパレス,名詞,ポケモン,ポケモンの名前,KNOWN
ズルッグ,名詞,ポケモン,ポケモンの名前,KNOWN
ズルズキン,名詞,ポケモン,ポケモンの名前,KNOWN
シンボラー,名詞,ポケモン,ポケモンの名前,KNOWN
デスマス,名詞,ポケモン,ポケモンの名前,KNOWN
デスマス,名詞,ポケモン,ポケモンの名前,KNOWN
デスカーン,名詞,ポケモン,ポケモンの名前,KNOWN
プロトーガ,名詞,ポケモン,ポケモンの名前,KNOWN
アバゴーラ,名詞,ポケモン,ポケモンの名前,KNOWN
アーケン,名詞,ポケモン,ポケモンの名前,KNOWN
アーケオス,名詞,ポケモン,ポケモンの名前,KNOWN
ヤブクロン,名詞,ポケモン,ポケモンの名前,KNOWN
ダストダス,名詞,ポケモン,ポケモンの名前,KNOWN
ゾロア,名詞,ポケモン,ポケモンの名前,KNOWN
ゾロア,名詞,ポケモン,ポケモンの名前,KNOWN
ゾロアーク,名詞,ポケモン,ポケモンの名前,KNOWN
ゾロアーク,名詞,ポケモン,ポケモンの名前,KNOWN
チラーミィ,名詞,ポケモン,ポケモンの名前,KNOWN
チラチーノ,名詞,ポケモン,ポケモンの名前,KNOWN
ゴチム,名詞,ポケモン,ポケモンの名前,KNOWN
ゴチミル,名詞,ポケモン,ポケモンの名前,KNOWN
ゴチルゼル,名詞,ポケモン,ポケモンの名前,KNOWN
ユニラン,名詞,ポケモン,ポケモンの名前,KNOWN
ダブラン,名詞,ポケモン,ポケモンの名前,KNOWN
ランクルス,名詞,ポケモン,ポケモンの名前,KNOWN
コアルヒー,名詞,ポケモン,ポケモンの名前,KNOWN
スワンナ,名詞,ポケモン,ポケモンの名前,KNOWN
バニプッチ,名詞,ポケモン,ポケモンの名前,KNOWN
バニリッチ,名詞,ポケモン,ポケモンの名前,KNOWN
バイバニラ,名詞,ポケモン,ポケモンの名前,KNOWN
シキジカ,名詞,ポケモン,ポケモンの名前,KNOWN
メブキジカ,名詞,ポケモン,ポケモンの名前,KNOWN
エモンガ,名詞,ポケモン,ポケモンの名前,KNOWN
カブルモ,名詞,ポケモン,ポケモンの名前,KNOWN
シュバルゴ,名詞,ポケモン,ポケモンの名前,KNOWN
タマゲタケ,名詞,ポケモン,ポケモンの名前,KNOWN
モロバレル,名詞,ポケモン,ポケモンの名前,KNOWN
プルリル,名詞,ポケモン,ポケモンの名前,KNOWN
ブルンゲル,名詞,ポケモン,ポケモンの名前,KNOWN
ママンボウ,名詞,ポケモン,ポケモンの名前,KNOWN
バチュル,名詞,ポケモン,ポケモンの名前,KNOWN
デンチュラ,名詞,ポケモン,ポケモンの名前,KNOWN
テッシード,名詞,ポケモン,ポケモンの名前,KNOWN
ナットレイ,名詞,ポケモン,ポケモンの名前,KNOWN
ギアル,名詞,ポケモン,ポケモンの名前,KNOWN
ギギアル,名詞,ポケモン,ポケモンの名前,KNOWN
ギギギアル,名詞,ポケモン,ポケモンの名前,KNOWN
シビシラス,名詞,ポケモン,ポケモンの名前,KNOWN
シビビール,名詞,ポケモン,ポケモンの名前,KNOWN
シビルドン,名詞,ポケモン,ポケモンの名前,KNOWN
リグレー,名詞,ポケモン,ポケモンの名前,KNOWN
オーベム,名詞,ポケモン,ポケモンの名前,KNOWN
ヒトモシ,名詞,ポケモン,ポケモンの名前,KNOWN
ランプラー,名詞,ポケモン,ポケモンの名前,KNOWN
シャンデラ,名詞,ポケモン,ポケモンの名前,KNOWN
キバゴ,名詞,ポケモン,ポケモンの名前,KNOWN
オノンド,名詞,ポケモン,ポケモンの名前,KNOWN
オノノクス,名詞,ポケモン,ポケモンの名前,KNOWN
クマシュン,名詞,ポケモン,ポケモンの名前,KNOWN
ツンベアー,名詞,ポケモン,ポケモンの名前,KNOWN
フリージオ,名詞,ポケモン,ポケモンの名前,KNOWN
チョボマキ,名詞,ポケモン,ポケモンの名前,KNOWN
アギルダー,名詞,ポケモン,ポケモンの名前,KNOWN
マッギョ,名詞,ポケモン,ポケモンの名前,KNOWN
マッギョ,名詞,ポケモン,ポケモンの名前,KNOWN
コジョフー,名詞,ポケモン,ポケモンの名前,KNOWN
コジョンド,名詞,ポケモン,ポケモンの名前,KNOWN
クリムガン,名詞,ポケモン,ポケモンの名前,KNOWN
ゴビット,名詞,ポケモン,ポケモンの名前,KNOWN
ゴルーグ,名詞,ポケモン,ポケモンの名前,KNOWN
コマタナ,名詞,ポケモン,ポケモンの名前,KNOWN
キリキザン,名詞,ポケモン,ポケモンの名前,KNOWN
バッフロン,名詞,ポケモン,ポケモンの名前,KNOWN
ワシボン,名詞,ポケモン,ポケモンの名前,KNOWN
ウォーグル,名詞,ポケモン,ポケモンの名前,KNOWN
ウォーグル,名詞,ポケモン,ポケモンの名前,KNOWN
バルチャイ,名詞,ポケモン,ポケモンの名前,KNOWN
バルジーナ,名詞,ポケモン,ポケモンの名前,KNOWN
クイタラン,名詞,ポケモン,ポケモンの名前,KNOWN
アイアント,名詞,ポケモン,ポケモンの名前,KNOWN
モノズ,名詞,ポケモン,ポケモンの名前,KNOWN
ジヘッド,名詞,ポケモン,ポケモンの名前,KNOWN
サザンドラ,名詞,ポケモン,ポケモンの名前,KNOWN
メラルバ,名詞,ポケモン,ポケモンの名前,KNOWN
ウルガモス,名詞,ポケモン,ポケモンの名前,KNOWN
コバルオン,名詞,ポケモン,ポケモンの名前,KNOWN
テラキオン,名詞,ポケモン,ポケモンの名前,KNOWN
ビリジオン,名詞,ポケモン,ポケモンの名前,KNOWN
トルネロス,名詞,ポケモン,ポケモンの名前,KNOWN
トルネロス,名詞,ポケモン,ポケモンの名前,KNOWN
ボルトロス,名詞,ポケモン,ポケモンの名前,KNOWN
ボルトロス,名詞,ポケモン,ポケモンの名前,KNOWN
レシラム,名詞,ポケモン,ポケモンの名前,KNOWN
ゼクロム,名詞,ポケモン,ポケモンの名前,KNOWN
ランドロス,名詞,ポケモン,ポケモンの名前,KNOWN
ランドロス,名詞,ポケモン,ポケモンの名前,KNOWN
キュレム,名詞,ポケモン,ポケモンの名前,KNOWN
ブラックキュレム,名詞,ポケモン,ポケモンの名前,KNOWN
ホワイトキュレム,名詞,ポケモン,ポケモンの名前,KNOWN
ケルディオ,名詞,ポケモン,ポケモンの名前,KNOWN
ケルディオ,名詞,ポケモン,ポケモンの名前,KNOWN
メロエッタ,名詞,ポケモン,ポケモンの名前,KNOWN
メロエッタ,名詞,ポケモン,ポケモンの名前,KNOWN
ゲノセクト,名詞,ポケモン,ポケモンの名前,KNOWN
ハリマロン,名詞,ポケモン,ポケモンの名前,KNOWN
ハリボーグ,名詞,ポケモン,ポケモンの名前,KNOWN
ブリガロン,名詞,ポケモン,ポケモンの名前,KNOWN
フォッコ,名詞,ポケモン,ポケモンの名前,KNOWN
テールナー,名詞,ポケモン,ポケモンの名前,KNOWN
マフォクシー,名詞,ポケモン,ポケモンの名前,KNOWN
ケロマツ,名詞,ポケモン,ポケモンの名前,KNOWN
ゲコガシラ,名詞,ポケモン,ポケモンの名前,KNOWN
ゲッコウガ,名詞,ポケモン,ポケモンの名前,KNOWN
サトシゲッコウガ,名詞,ポケモン,ポケモンの名前,KNOWN
ホルビー,名詞,ポケモン,ポケモンの名前,KNOWN
ホルード,名詞,ポケモン,ポケモンの名前,KNOWN
ヤヤコマ,名詞,ポケモン,ポケモンの名前,KNOWN
ヒノヤコマ,名詞,ポケモン,ポケモンの名前,KNOWN
ファイアロー,名詞,ポケモン,ポケモンの名前,KNOWN
コフキムシ,名詞,ポケモン,ポケモンの名前,KNOWN
コフーライ,名詞,ポケモン,ポケモンの名前,KNOWN
ビビヨン,名詞,ポケモン,ポケモンの名前,KNOWN
シシコ,名詞,ポケモン,ポケモンの名前,KNOWN
カエンジシ,名詞,ポケモン,ポケモンの名前,KNOWN
フラベベ,名詞,ポケモン,ポケモンの名前,KNOWN
フラエッテ,名詞,ポケモン,ポケモンの名前,KNOWN
フラージェス,名詞,ポケモン,ポケモンの名前,KNOWN
メェークル,名詞,ポケモン,ポケモンの名前,KNOWN
ゴーゴート,名詞,ポケモン,ポケモンの名前,KNOWN
ヤンチャム,名詞,ポケモン,ポケモンの名前,KNOWN
ゴロンダ,名詞,ポケモン,ポケモンの名前,KNOWN
トリミアン,名詞,ポケモン,ポケモンの名前,KNOWN
ニャスパー,名詞,ポケモン,ポケモンの名前,KNOWN
ニャオニクス♂,名詞,ポケモン,ポケモンの名前,KNOWN
ニャオニクス♀,名詞,ポケモン,ポケモンの名前,KNOWN
ヒトツキ,名詞,ポケモン,ポケモンの名前,KNOWN
ニダンギル,名詞,ポケモン,ポケモンの名前,KNOWN
ギルガルド,名詞,ポケモン,ポケモンの名前,KNOWN
ギルガルド,名詞,ポケモン,ポケモンの名前,KNOWN
シュシュプ,名詞,ポケモン,ポケモンの名前,KNOWN
フレフワン,名詞,ポケモン,ポケモンの名前,KNOWN
ペロッパフ,名詞,ポケモン,ポケモンの名前,KNOWN
ペロリーム,名詞,ポケモン,ポケモンの名前,KNOWN
マーイーカ,名詞,ポケモン,ポケモンの名前,KNOWN
カラマネロ,名詞,ポケモン,ポケモンの名前,KNOWN
カメテテ,名詞,ポケモン,ポケモンの名前,KNOWN
ガメノデス,名詞,ポケモン,ポケモンの名前,KNOWN
クズモー,名詞,ポケモン,ポケモンの名前,KNOWN
ドラミドロ,名詞,ポケモン,ポケモンの名前,KNOWN
ウデッポウ,名詞,ポケモン,ポケモンの名前,KNOWN
ブロスター,名詞,ポケモン,ポケモンの名前,KNOWN
エリキテル,名詞,ポケモン,ポケモンの名前,KNOWN
エレザード,名詞,ポケモン,ポケモンの名前,KNOWN
チゴラス,名詞,ポケモン,ポケモンの名前,KNOWN
ガチゴラス,名詞,ポケモン,ポケモンの名前,KNOWN
アマルス,名詞,ポケモン,ポケモンの名前,KNOWN
アマルルガ,名詞,ポケモン,ポケモンの名前,KNOWN
ニンフィア,名詞,ポケモン,ポケモンの名前,KNOWN
ルチャブル,名詞,ポケモン,ポケモンの名前,KNOWN
デデンネ,名詞,ポケモン,ポケモンの名前,KNOWN
メレシー,名詞,ポケモン,ポケモンの名前,KNOWN
ヌメラ,名詞,ポケモン,ポケモンの名前,KNOWN
ヌメイル,名詞,ポケモン,ポケモンの名前,KNOWN
ヌメイル,名詞,ポケモン,ポケモンの名前,KNOWN
ヌメルゴン,名詞,ポケモン,ポケモンの名前,KNOWN
ヌメルゴン,名詞,ポケモン,ポケモンの名前,KNOWN
クレッフィ,名詞,ポケモン,ポケモンの名前,KNOWN
ボクレー,名詞,ポケモン,ポケモンの名前,KNOWN
オーロット,名詞,ポケモン,ポケモンの名前,KNOWN
バケッチャ,名詞,ポケモン,ポケモンの名前,KNOWN
バケッチャ,名詞,ポケモン,ポケモンの名前,KNOWN
バケッチャ,名詞,ポケモン,ポケモンの名前,KNOWN
バケッチャ,名詞,ポケモン,ポケモンの名前,KNOWN
パンプジン,名詞,ポケモン,ポケモンの名前,KNOWN
パンプジン,名詞,ポケモン,ポケモンの名前,KNOWN
パンプジン,名詞,ポケモン,ポケモンの名前,KNOWN
パンプジン,名詞,ポケモン,ポケモンの名前,KNOWN
カチコール,名詞,ポケモン,ポケモンの名前,KNOWN
クレベース,名詞,ポケモン,ポケモンの名前,KNOWN
クレベース,名詞,ポケモン,ポケモンの名前,KNOWN
オンバット,名詞,ポケモン,ポケモンの名前,KNOWN
オンバーン,名詞,ポケモン,ポケモンの名前,KNOWN
ゼルネアス,名詞,ポケモン,ポケモンの名前,KNOWN
イベルタル,名詞,ポケモン,ポケモンの名前,KNOWN
ジガルデ,名詞,ポケモン,ポケモンの名前,KNOWN
ジガルデ,名詞,ポケモン,ポケモンの名前,KNOWN
ジガルデ,名詞,ポケモン,ポケモンの名前,KNOWN
ディアンシー,名詞,ポケモン,ポケモンの名前,KNOWN
メガディアンシー,名詞,ポケモン,ポケモンの名前,KNOWN
フーパ,名詞,ポケモン,ポケモンの名前,KNOWN
フーパ,名詞,ポケモン,ポケモンの名前,KNOWN
ボルケニオン,名詞,ポケモン,ポケモンの名前,KNOWN
モクロー,名詞,ポケモン,ポケモンの名前,KNOWN
フクスロー,名詞,ポケモン,ポケモンの名前,KNOWN
ジュナイパー,名詞,ポケモン,ポケモンの名前,KNOWN
ジュナイパー,名詞,ポケモン,ポケモンの名前,KNOWN
ニャビー,名詞,ポケモン,ポケモンの名前,KNOWN
ニャヒート,名詞,ポケモン,ポケモンの名前,KNOWN
ガオガエン,名詞,ポケモン,ポケモンの名前,KNOWN
アシマリ,名詞,ポケモン,ポケモンの名前,KNOWN
オシャマリ,名詞,ポケモン,ポケモンの名前,KNOWN
アシレーヌ,名詞,ポケモン,ポケモンの名前,KNOWN
ツツケラ,名詞,ポケモン,ポケモンの名前,KNOWN
ケララッパ,名詞,ポケモン,ポケモンの名前,KNOWN
ドデカバシ,名詞,ポケモン,ポケモンの名前,KNOWN
ヤングース,名詞,ポケモン,ポケモンの名前,KNOWN
デカグース,名詞,ポケモン,ポケモンの名前,KNOWN
アゴジムシ,名詞,ポケモン,ポケモンの名前,KNOWN
デンヂムシ,名詞,ポケモン,ポケモンの名前,KNOWN
クワガノン,名詞,ポケモン,ポケモンの名前,KNOWN
マケンカニ,名詞,ポケモン,ポケモンの名前,KNOWN
ケケンカニ,名詞,ポケモン,ポケモンの名前,KNOWN
オドリドリ,名詞,ポケモン,ポケモンの名前,KNOWN
オドリドリ,名詞,ポケモン,ポケモンの名前,KNOWN
オドリドリ,名詞,ポケモン,ポケモンの名前,KNOWN
オドリドリ,名詞,ポケモン,ポケモンの名前,KNOWN
アブリー,名詞,ポケモン,ポケモンの名前,KNOWN
アブリボン,名詞,ポケモン,ポケモンの名前,KNOWN
イワンコ,名詞,ポケモン,ポケモンの名前,KNOWN
ルガルガン,名詞,ポケモン,ポケモンの名前,KNOWN
ルガルガン,名詞,ポケモン,ポケモンの名前,KNOWN
ルガルガン,名詞,ポケモン,ポケモンの名前,KNOWN
ヨワシ,名詞,ポケモン,ポケモンの名前,KNOWN
ヨワシ,名詞,ポケモン,ポケモンの名前,KNOWN
ヒドイデ,名詞,ポケモン,ポケモンの名前,KNOWN
ドヒドイデ,名詞,ポケモン,ポケモンの名前,KNOWN
ドロバンコ,名詞,ポケモン,ポケモンの名前,KNOWN
バンバドロ,名詞,ポケモン,ポケモンの名前,KNOWN
シズクモ,名詞,ポケモン,ポケモンの名前,KNOWN
オニシズクモ,名詞,ポケモン,ポケモンの名前,KNOWN
カリキリ,名詞,ポケモン,ポケモンの名前,KNOWN
ラランテス,名詞,ポケモン,ポケモンの名前,KNOWN
ネマシュ,名詞,ポケモン,ポケモンの名前,KNOWN
マシェード,名詞,ポケモン,ポケモンの名前,KNOWN
ヤトウモリ,名詞,ポケモン,ポケモンの名前,KNOWN
エンニュート,名詞,ポケモン,ポケモンの名前,KNOWN
ヌイコグマ,名詞,ポケモン,ポケモンの名前,KNOWN
キテルグマ,名詞,ポケモン,ポケモンの名前,KNOWN
アマカジ,名詞,ポケモン,ポケモンの名前,KNOWN
アママイコ,名詞,ポケモン,ポケモンの名前,KNOWN
アマージョ,名詞,ポケモン,ポケモンの名前,KNOWN
キュワワー,名詞,ポケモン,ポケモンの名前,KNOWN
ヤレユータン,名詞,ポケモン,ポケモンの名前,KNOWN
ナゲツケサル,名詞,ポケモン,ポケモンの名前,KNOWN
コソクムシ,名詞,ポケモン,ポケモンの名前,KNOWN
グソクムシャ,名詞,ポケモン,ポケモンの名前,KNOWN
スナバァ,名詞,ポケモン,ポケモンの名前,KNOWN
シロデスナ,名詞,ポケモン,ポケモンの名前,KNOWN
ナマコブシ,名詞,ポケモン,ポケモンの名前,KNOWN
タイプ：ヌル,名詞,ポケモン,ポケモンの名前,KNOWN
シルヴァディ,名詞,ポケモン,ポケモンの名前,KNOWN
メテノ,名詞,ポケモン,ポケモンの名前,KNOWN
メテノ,名詞,ポケモン,ポケモンの名前,KNOWN
ネッコアラ,名詞,ポケモン,ポケモンの名前,KNOWN
バクガメス,名詞,ポケモン,ポケモンの名前,KNOWN
トゲデマル,名詞,ポケモン,ポケモンの名前,KNOWN
ミミッキュ,名詞,ポケモン,ポケモンの名前,KNOWN
ハギギシリ,名詞,ポケモン,ポケモンの名前,KNOWN
ジジーロン,名詞,ポケモン,ポケモンの名前,KNOWN
ダダリン,名詞,ポケモン,ポケモンの名前,KNOWN
ジャラコ,名詞,ポケモン,ポケモンの名前,KNOWN
ジャランゴ,名詞,ポケモン,ポケモンの名前,KNOWN
ジャラランガ,名詞,ポケモン,ポケモンの名前,KNOWN
カプ・コケコ,名詞,ポケモン,ポケモンの名前,KNOWN
カプ・テテフ,名詞,ポケモン,ポケモンの名前,KNOWN
カプ・ブルル,名詞,ポケモン,ポケモンの名前,KNOWN
カプ・レヒレ,名詞,ポケモン,ポケモンの名前,KNOWN
コスモッグ,名詞,ポケモン,ポケモンの名前,KNOWN
コスモウム,名詞,ポケモン,ポケモンの名前,KNOWN
ソルガレオ,名詞,ポケモン,ポケモンの名前,KNOWN
ルナアーラ,名詞,ポケモン,ポケモンの名前,KNOWN
ウツロイド,名詞,ポケモン,ポケモンの名前,KNOWN
マッシブーン,名詞,ポケモン,ポケモンの名前,KNOWN
フェローチェ,名詞,ポケモン,ポケモンの名前,KNOWN
デンジュモク,名詞,ポケモン,ポケモンの名前,KNOWN
テッカグヤ,名詞,ポケモン,ポケモンの名前,KNOWN
カミツルギ,名詞,ポケモン,ポケモンの名前,KNOWN
アクジキング,名詞,ポケモン,ポケモンの名前,KNOWN
ネクロズマ,名詞,ポケモン,ポケモンの名前,KNOWN
ネクロズマ,名詞,ポケモン,ポケモンの名前,KNOWN
ネクロズマ,名詞,ポケモン,ポケモンの名前,KNOWN
ウルトラネクロズマ,名詞,ポケモン,ポケモンの名前,KNOWN
マギアナ,名詞,ポケモン,ポケモンの名前,KNOWN
マーシャドー,名詞,ポケモン,ポケモンの名前,KNOWN
ベベノム,名詞,ポケモン,ポケモンの名前,KNOWN
アーゴヨン,名詞,ポケモン,ポケモンの名前,KNOWN
ツンデツンデ,名詞,ポケモン,ポケモンの名前,KNOWN
ズガドーン,名詞,ポケモン,ポケモンの名前,KNOWN
ゼラオラ,名詞,ポケモン,ポケモンの名前,KNOWN
メルタン,名詞,ポケモン,ポケモンの名前,KNOWN
メルメタル,名詞,ポケモン,ポケモンの名前,KNOWN
サルノリ,名詞,ポケモン,ポケモンの名前,KNOWN
バチンキー,名詞,ポケモン,ポケモンの名前,KNOWN
ゴリランダー,名詞,ポケモン,ポケモンの名前,KNOWN
ヒバニー,名詞,ポケモン,ポケモンの名前,KNOWN
ラビフット,名詞,ポケモン,ポケモンの名前,KNOWN
エースバーン,名詞,ポケモン,ポケモンの名前,KNOWN
メッソン,名詞,ポケモン,ポケモンの名前,KNOWN
ジメレオン,名詞,ポケモン,ポケモンの名前,KNOWN
インテレオン,名詞,ポケモン,ポケモンの名前,KNOWN
ホシガリス,名詞,ポケモン,ポケモンの名前,KNOWN
ヨクバリス,名詞,ポケモン,ポケモンの名前,KNOWN
ココガラ,名詞,ポケモン,ポケモンの名前,KNOWN
アオガラス,名詞,ポケモン,ポケモンの名前,KNOWN
アーマーガア,名詞,ポケモン,ポケモンの名前,KNOWN
サッチムシ,名詞,ポケモン,ポケモンの名前,KNOWN
レドームシ,名詞,ポケモン,ポケモンの名前,KNOWN
イオルブ,名詞,ポケモン,ポケモンの名前,KNOWN
クスネ,名詞,ポケモン,ポケモンの名前,KNOWN
フォクスライ,名詞,ポケモン,ポケモンの名前,KNOWN
ヒメンカ,名詞,ポケモン,ポケモンの名前,KNOWN
ワタシラガ,名詞,ポケモン,ポケモンの名前,KNOWN
ウールー,名詞,ポケモン,ポケモンの名前,KNOWN
バイウールー,名詞,ポケモン,ポケモンの名前,KNOWN
カムカメ,名詞,ポケモン,ポケモンの名前,KNOWN
カジリガメ,名詞,ポケモン,ポケモンの名前,KNOWN
ワンパチ,名詞,ポケモン,ポケモンの名前,KNOWN
パルスワン,名詞,ポケモン,ポケモンの名前,KNOWN
タンドン,名詞,ポケモン,ポケモンの名前,KNOWN
トロッゴン,名詞,ポケモン,ポケモンの名前,KNOWN
セキタンザン,名詞,ポケモン,ポケモンの名前,KNOWN
カジッチュ,名詞,ポケモン,ポケモンの名前,KNOWN
アップリュー,名詞,ポケモン,ポケモンの名前,KNOWN
タルップル,名詞,ポケモン,ポケモンの名前,KNOWN
スナヘビ,名詞,ポケモン,ポケモンの名前,KNOWN
サダイジャ,名詞,ポケモン,ポケモンの名前,KNOWN
ウッウ,名詞,ポケモン,ポケモンの名前,KNOWN
サシカマス,名詞,ポケモン,ポケモンの名前,KNOWN
カマスジョー,名詞,ポケモン,ポケモンの名前,KNOWN
エレズン,名詞,ポケモン,ポケモンの名前,KNOWN
ストリンダー,名詞,ポケモン,ポケモンの名前,KNOWN
ストリンダー,名詞,ポケモン,ポケモンの名前,KNOWN
ヤクデ,名詞,ポケモン,ポケモンの名前,KNOWN
マルヤクデ,名詞,ポケモン,ポケモンの名前,KNOWN
タタッコ,名詞,ポケモン,ポケモンの名前,KNOWN
オトスパス,名詞,ポケモン,ポケモンの名前,KNOWN
ヤバチャ,名詞,ポケモン,ポケモンの名前,KNOWN
ポットデス,名詞,ポケモン,ポケモンの名前,KNOWN
ミブリム,名詞,ポケモン,ポケモンの名前,KNOWN
テブリム,名詞,ポケモン,ポケモンの名前,KNOWN
ブリムオン,名詞,ポケモン,ポケモンの名前,KNOWN
ベロバー,名詞,ポケモン,ポケモンの名前,KNOWN
ギモー,名詞,ポケモン,ポケモンの名前,KNOWN
オーロンゲ,名詞,ポケモン,ポケモンの名前,KNOWN
タチフサグマ,名詞,ポケモン,ポケモンの名前,KNOWN
ニャイキング,名詞,ポケモン,ポケモンの名前,KNOWN
サニゴーン,名詞,ポケモン,ポケモンの名前,KNOWN
ネギガナイト,名詞,ポケモン,ポケモンの名前,KNOWN
バリコオル,名詞,ポケモン,ポケモンの名前,KNOWN
デスバーン,名詞,ポケモン,ポケモンの名前,KNOWN
マホミル,名詞,ポケモン,ポケモンの名前,KNOWN
マホイップ,名詞,ポケモン,ポケモンの名前,KNOWN
タイレーツ,名詞,ポケモン,ポケモンの名前,KNOWN
バチンウニ,名詞,ポケモン,ポケモンの名前,KNOWN
ユキハミ,名詞,ポケモン,ポケモンの名前,KNOWN
モスノウ,名詞,ポケモン,ポケモンの名前,KNOWN
イシヘンジン,名詞,ポケモン,ポケモンの名前,KNOWN
コオリッポ,名詞,ポケモン,ポケモンの名前,KNOWN
コオリッポ,名詞,ポケモン,ポケモンの名前,KNOWN
イエッサン♂,名詞,ポケモン,ポケモンの名前,KNOWN
イエッサン♀,名詞,ポケモン,ポケモンの名前,KNOWN
モルペコ,名詞,ポケモン,ポケモンの名前,KNOWN
ゾウドウ,名詞,ポケモン,ポケモンの名前,KNOWN
ダイオウドウ,名詞,ポケモン,ポケモンの名前,KNOWN
パッチラゴン,名詞,ポケモン,ポケモンの名前,KNOWN
パッチルドン,名詞,ポケモン,ポケモンの名前,KNOWN
ウオノラゴン,名詞,ポケモン,ポケモンの名前,KNOWN
ウオチルドン,名詞,ポケモン,ポケモンの名前,KNOWN
ジュラルドン,名詞,ポケモン,ポケモンの名前,KNOWN
ドラメシヤ,名詞,ポケモン,ポケモンの名前,KNOWN
ドロンチ,名詞,ポケモン,ポケモンの名前,KNOWN
ドラパルト,名詞,ポケモン,ポケモンの名前,KNOWN
ザシアン,名詞,ポケモン,ポケモンの名前,KNOWN
ザシアン,名詞,ポケモン,ポケモンの名前,KNOWN
ザマゼンタ,名詞,ポケモン,ポケモンの名前,KNOWN
ザマゼンタ,名詞,ポケモン,ポケモンの名前,KNOWN
ムゲンダイナ,名詞,ポケモン,ポケモンの名前,KNOWN
ダクマ,名詞,ポケモン,ポケモンの名前,KNOWN
ウーラオス,名詞,ポケモン,ポケモンの名前,KNOWN
ウーラオス,名詞,ポケモン,ポケモンの名前,KNOWN
ザルード,名詞,ポケモン,ポケモンの名前,KNOWN
レジエレキ,名詞,ポケモン,ポケモンの名前,KNOWN
レジドラゴ,名詞,ポケモン,ポケモンの名前,KNOWN
ブリザポス,名詞,ポケモン,ポケモンの名前,KNOWN
レイスポス,名詞,ポケモン,ポケモンの名前,KNOWN
バドレックス,名詞,ポケモン,ポケモンの名前,KNOWN
バドレックス,名詞,ポケモン,ポケモンの名前,KNOWN
バドレックス,名詞,ポケモン,ポケモンの名前,KNOWN
アヤシシ,名詞,ポケモン,ポケモンの名前,KNOWN
バサギリ,名詞,ポケモン,ポケモンの名前,KNOWN
ガチグマ,名詞,ポケモン,ポケモンの名前,KNOWN
ガチグマ,名詞,ポケモン,ポケモンの名前,KNOWN
イダイトウ♂,名詞,ポケモン,ポケモンの名前,KNOWN
イダイトウ♀,名詞,ポケモン,ポケモンの名前,KNOWN
オオニューラ,名詞,ポケモン,ポケモンの名前,KNOWN
ハリーマン,名詞,ポケモン,ポケモンの名前,KNOWN
ラブトロス,名詞,ポケモン,ポケモンの名前,KNOWN
ラブトロス,名詞,ポケモン,ポケモンの名前,KNOWN
ニャオハ,名詞,ポケモン,ポケモンの名前,KNOWN
ニャローテ,名詞,ポケモン,ポケモンの名前,KNOWN
マスカーニャ,名詞,ポケモン,ポケモンの名前,KNOWN
ホゲータ,名詞,ポケモン,ポケモンの名前,KNOWN
アチゲータ,名詞,ポケモン,ポケモンの名前,KNOWN
ラウドボーン,名詞,ポケモン,ポケモンの名前,KNOWN
クワッス,名詞,ポケモン,ポケモンの名前,KNOWN
ウェルカモ,名詞,ポケモン,ポケモンの名前,KNOWN
ウェーニバル,名詞,ポケモン,ポケモンの名前,KNOWN
グルトン,名詞,ポケモン,ポケモンの名前,KNOWN
パフュートン♂,名詞,ポケモン,ポケモンの名前,KNOWN
パフュートン♀,名詞,ポケモン,ポケモンの名前,KNOWN
タマンチュラ,名詞,ポケモン,ポケモンの名前,KNOWN
ワナイダー,名詞,ポケモン,ポケモンの名前,KNOWN
マメバッタ,名詞,ポケモン,ポケモンの名前,KNOWN
エクスレッグ,名詞,ポケモン,ポケモンの名前,KNOWN
パモ,名詞,ポケモン,ポケモンの名前,KNOWN
パモット,名詞,ポケモン,ポケモンの名前,KNOWN
パーモット,名詞,ポケモン,ポケモンの名前,KNOWN
ワッカネズミ,名詞,ポケモン,ポケモンの名前,KNOWN
イッカネズミ,名詞,ポケモン,ポケモンの名前,KNOWN
パピモッチ,名詞,ポケモン,ポケモンの名前,KNOWN
バウッツェル,名詞,ポケモン,ポケモンの名前,KNOWN
ミニーブ,名詞,ポケモン,ポケモンの名前,KNOWN
オリーニョ,名詞,ポケモン,ポケモンの名前,KNOWN
オリーヴァ,名詞,ポケモン,ポケモンの名前,KNOWN
イキリンコ,名詞,ポケモン,ポケモンの名前,KNOWN
コジオ,名詞,ポケモン,ポケモンの名前,KNOWN
ジオヅム,名詞,ポケモン,ポケモンの名前,KNOWN
キョジオーン,名詞,ポケモン,ポケモンの名前,KNOWN
カルボウ,名詞,ポケモン,ポケモンの名前,KNOWN
グレンアルマ,名詞,ポケモン,ポケモンの名前,KNOWN
ソウブレイズ,名詞,ポケモン,ポケモンの名前,KNOWN
ズピカ,名詞,ポケモン,ポケモンの名前,KNOWN
ハラバリー,名詞,ポケモン,ポケモンの名前,KNOWN
カイデン,名詞,ポケモン,ポケモンの名前,KNOWN
タイカイデン,名詞,ポケモン,ポケモンの名前,KNOWN
オラチフ,名詞,ポケモン,ポケモンの名前,KNOWN
マフィティフ,名詞,ポケモン,ポケモンの名前,KNOWN
シルシュルー,名詞,ポケモン,ポケモンの名前,KNOWN
タギングル,名詞,ポケモン,ポケモンの名前,KNOWN
アノクサ,名詞,ポケモン,ポケモンの名前,KNOWN
アノホラグサ,名詞,ポケモン,ポケモンの名前,KNOWN
ノノクラゲ,名詞,ポケモン,ポケモンの名前,KNOWN
リククラゲ,名詞,ポケモン,ポケモンの名前,KNOWN
ガケガニ,名詞,ポケモン,ポケモンの名前,KNOWN
カプサイジ,名詞,ポケモン,ポケモンの名前,KNOWN
スコヴィラン,名詞,ポケモン,ポケモンの名前,KNOWN
シガロコ,名詞,ポケモン,ポケモンの名前,KNOWN
ベラカス,名詞,ポケモン,ポケモンの名前,KNOWN
ヒラヒナ,名詞,ポケモン,ポケモンの名前,KNOWN
クエスパトラ,名詞,ポケモン,ポケモンの名前,KNOWN
カヌチャン,名詞,ポケモン,ポケモンの名前,KNOWN
ナカヌチャン,名詞,ポケモン,ポケモンの名前,KNOWN
デカヌチャン,名詞,ポケモン,ポケモンの名前,KNOWN
ウミディグダ,名詞,ポケモン,ポケモンの名前,KNOWN
ウミトリオ,名詞,ポケモン,ポケモンの名前,KNOWN
オトシドリ,名詞,ポケモン,ポケモンの名前,KNOWN
ナミイルカ,名詞,ポケモン,ポケモンの名前,KNOWN
イルカマン,名詞,ポケモン,ポケモンの名前,KNOWN
イルカマン,名詞,ポケモン,ポケモンの名前,KNOWN
ブロロン,名詞,ポケモン,ポケモンの名前,KNOWN
ブロロローム,名詞,ポケモン,ポケモンの名前,KNOWN
モトトカゲ,名詞,ポケモン,ポケモンの名前,KNOWN
ミミズズ,名詞,ポケモン,ポケモンの名前,KNOWN
キラーメ,名詞,ポケモン,ポケモンの名前,KNOWN
キラフロル,名詞,ポケモン,ポケモンの名前,KNOWN
ボチ,名詞,ポケモン,ポケモンの名前,KNOWN
ハカドッグ,名詞,ポケモン,ポケモンの名前,KNOWN
カラミンゴ,名詞,ポケモン,ポケモンの名前,KNOWN
アルクジラ,名詞,ポケモン,ポケモンの名前,KNOWN
ハルクジラ,名詞,ポケモン,ポケモンの名前,KNOWN
ミガルーサ,名詞,ポケモン,ポケモンの名前,KNOWN
ヘイラッシャ,名詞,ポケモン,ポケモンの名前,KNOWN
シャリタツ,名詞,ポケモン,ポケモンの名前,KNOWN
コノヨザル,名詞,ポケモン,ポケモンの名前,KNOWN
ドオー,名詞,ポケモン,ポケモンの名前,KNOWN
リキキリン,名詞,ポケモン,ポケモンの名前,KNOWN
ノココッチ,名詞,ポケモン,ポケモンの名前,KNOWN
ドドゲザン,名詞,ポケモン,ポケモンの名前,KNOWN
イダイナキバ,名詞,ポケモン,ポケモンの名前,KNOWN
サケブシッポ,名詞,ポケモン,ポケモンの名前,KNOWN
アラブルタケ,名詞,ポケモン,ポケモンの名前,KNOWN
ハバタクカミ,名詞,ポケモン,ポケモンの名前,KNOWN
チヲハウハネ,名詞,ポケモン,ポケモンの名前,KNOWN
スナノケガワ,名詞,ポケモン,ポケモンの名前,KNOWN
テツノワダチ,名詞,ポケモン,ポケモンの名前,KNOWN
テツノツツミ,名詞,ポケモン,ポケモンの名前,KNOWN
テツノカイナ,名詞,ポケモン,ポケモンの名前,KNOWN
テツノコウベ,名詞,ポケモン,ポケモンの名前,KNOWN
テツノドクガ,名詞,ポケモン,ポケモンの名前,KNOWN
テツノイバラ,名詞,ポケモン,ポケモンの名前,KNOWN
セビエ,名詞,ポケモン,ポケモンの名前,KNOWN
セゴール,名詞,ポケモン,ポケモンの名前,KNOWN
セグレイブ,名詞,ポケモン,ポケモンの名前,KNOWN
コレクレー,名詞,ポケモン,ポケモンの名前,KNOWN
コレクレー,名詞,ポケモン,ポケモンの名前,KNOWN
サーフゴー,名詞,ポケモン,ポケモンの名前,KNOWN
チオンジェン,名詞,ポケモン,ポケモンの名前,KNOWN
パオジアン,名詞,ポケモン,ポケモンの名前,KNOWN
ディンルー,名詞,ポケモン,ポケモンの名前,KNOWN
イーユイ,名詞,ポケモン,ポケモンの名前,KNOWN
トドロクツキ,名詞,ポケモン,ポケモンの名前,KNOWN
テツノブジン,名詞,ポケモン,ポケモンの名前,KNOWN
コライドン,名詞,ポケモン,ポケモンの名前,KNOWN
ミライドン,名詞,ポケモン,ポケモンの名前,KNOWN
ウネルミナモ,名詞,ポケモン,ポケモンの名前,KNOWN
テツノイサハ,名詞,ポケモン,ポケモンの名前,KNOWN
カミッチュ,名詞,ポケモン,ポケモンの名前,KNOWN
チャデス,名詞,ポケモン,ポケモンの名前,KNOWN
ヤバソチャ,名詞,ポケモン,ポケモンの名前,KNOWN
イイネイヌ,名詞,ポケモン,ポケモンの名前,KNOWN
マシマシラ,名詞,ポケモン,ポケモンの名前,KNOWN
キチキギス,名詞,ポケモン,ポケモンの名前,KNOWN
オーガポン,名詞,ポケモン,ポケモンの名前,KNOWN
オーガポン,名詞,ポケモン,ポケモンの名前,KNOWN
オーガポン,名詞,ポケモン,ポケモンの名前,KNOWN
オーガポン,名詞,ポケモン,ポケモンの名前,KNOWN
ブリジュラス,名詞,ポケモン,ポケモンの名前,KNOWN
カミツオロチ,名詞,ポケモン,ポケモンの名前,KNOWN
ウガツホムラ,名詞,ポケモン,ポケモンの名前,KNOWN
タケルライコ,名詞,ポケモン,ポケモンの名前,KNOWN
テツノイワオ,名詞,ポケモン,ポケモンの名前,KNOWN
テツノカシラ,名詞,ポケモン,ポケモンの名前,KNOWN
テラパゴス,名詞,ポケモン,ポケモンの名前,KNOWN
テラパゴス,名詞,ポケモン,ポケモンの名前,KNOWN
テラパゴス,名詞,ポケモン,ポケモンの名前,KNOWN
モモワロウ,名詞,ポケモン,ポケモンの名前,KNOWN